Start:, 16/09/2012 20:21:54 , HipCenter , , , Spine , , , ShoulderCenter , , , Head , , , ShoulderLeft , , , ElbowLeft , , , WristLeft , , , HandLeft , , , ShoulderRight , , , ElbowRight , , , WristRight , , , HandRight , , , HipLeft , , , KneeLeft , , , AnkleLeft , , , FootLeft , , , HipRight , , , KneeRight , , , AnkleRight , , , FootRight , , , 
0 , 0 , -0.005513139 , -0.01870154 , 3.038058 , -0.008553228 , 0.05228998 , 3.05537 , -0.008704612 , 0.408125 , 3.032259 , 0.002279667 , 0.5697184 , 2.955621 , -0.186 , 0.3183184 , 3.029572 , -0.2920116 , 0.1240867 , 3.031802 , -0.2762833 , -0.04220531 , 2.829012 , -0.2477858 , -0.1173097 , 2.720781 , 0.1709629 , 0.3107436 , 3.075495 , 0.2694377 , 0.08753514 , 3.144396 , 0.3242737 , -0.08424263 , 3.022444 , 0.3424996 , -0.1480541 , 2.939303 , -0.08417609 , -0.09701839 , 3.023438 , -0.1590319 , -0.6235857 , 3.062883 , -0.200605 , -1.04992 , 3.115251 , -0.1908455 , -1.136082 , 3.075812 , 0.07400414 , -0.1020426 , 3.046058 , 0.1202747 , -0.6399519 , 3.089043 , 0.1523574 , -1.065389 , 3.161849 , 0.163589 , -1.119651 , 3.064435 , 
1 , 32 , -0.005244817 , -0.01848858 , 3.037635 , -0.008156185 , 0.05257666 , 3.053153 , -0.008562241 , 0.4079555 , 3.029846 , 0.003092316 , 0.5696564 , 2.954204 , -0.1857401 , 0.3183287 , 3.027367 , -0.2922202 , 0.1240457 , 3.031179 , -0.2765446 , -0.04286718 , 2.828876 , -0.247979 , -0.1175873 , 2.720855 , 0.171531 , 0.3109779 , 3.074641 , 0.2694877 , 0.08767282 , 3.143707 , 0.3231696 , -0.08501295 , 3.022646 , 0.34085 , -0.149382 , 2.939829 , -0.08410992 , -0.09697961 , 3.023442 , -0.1591596 , -0.6244981 , 3.062952 , -0.2006389 , -1.050044 , 3.115483 , -0.2541756 , -1.123539 , 3.087082 , 0.0744914 , -0.101864 , 3.045834 , 0.1204033 , -0.6398885 , 3.089164 , 0.1523674 , -1.065351 , 3.161638 , 0.1374884 , -1.157472 , 3.142492 , 
2 , 68 , -0.005068354 , -0.01823193 , 3.036904 , -0.007830063 , 0.05306084 , 3.05004 , -0.008635499 , 0.4084891 , 3.024837 , 0.01382154 , 0.5774649 , 2.948388 , -0.1847432 , 0.3191646 , 3.025048 , -0.2927316 , 0.1235632 , 3.028525 , -0.277709 , -0.04113437 , 2.8322 , -0.2480495 , -0.1178508 , 2.720731 , 0.1724505 , 0.3110164 , 3.07381 , 0.2697222 , 0.08781429 , 3.143235 , 0.3331912 , -0.1136752 , 3.00536 , 0.3470057 , -0.1768823 , 2.910736 , -0.08404548 , -0.09683992 , 3.023302 , -0.1594751 , -0.6243306 , 3.062839 , -0.2004862 , -1.049852 , 3.114978 , -0.1923733 , -1.130904 , 3.06559 , 0.07468944 , -0.1018127 , 3.045694 , 0.1212851 , -0.641457 , 3.090819 , 0.1523714 , -1.065418 , 3.161606 , 0.2042642 , -1.145107 , 3.167195 , 
3 , 100 , -0.005012149 , -0.01822216 , 3.036536 , -0.007590102 , 0.05314424 , 3.047691 , -0.008772943 , 0.408957 , 3.023205 , 0.01117472 , 0.573919 , 2.947906 , -0.1844971 , 0.3187709 , 3.021974 , -0.2926213 , 0.1235511 , 3.028301 , -0.2777478 , -0.04582397 , 2.824264 , -0.2483009 , -0.1188724 , 2.719602 , 0.1717696 , 0.3117124 , 3.071008 , 0.2699581 , 0.08796051 , 3.142477 , 0.3317439 , -0.1038479 , 3.008539 , 0.3474648 , -0.1792634 , 2.912283 , -0.08400848 , -0.09681109 , 3.023283 , -0.1594695 , -0.6244757 , 3.062986 , -0.2004738 , -1.049822 , 3.114919 , -0.1929297 , -1.129766 , 3.063669 , 0.07475489 , -0.1017483 , 3.045577 , 0.1218802 , -0.6421588 , 3.091746 , 0.1521273 , -1.066077 , 3.162141 , 0.164207 , -1.120858 , 3.065121 , 
4 , 132 , -0.005068148 , -0.01824977 , 3.036156 , -0.007606718 , 0.05309231 , 3.045168 , -0.01044196 , 0.4070931 , 3.018203 , 0.01164334 , 0.5670623 , 2.944135 , -0.1846464 , 0.3183622 , 3.019922 , -0.2931617 , 0.1227654 , 3.024767 , -0.2775618 , -0.04685003 , 2.822228 , -0.2486759 , -0.1194862 , 2.718866 , 0.1721081 , 0.31139 , 3.069346 , 0.2700798 , 0.08826492 , 3.141732 , 0.3291773 , -0.09668514 , 3.01528 , 0.3489588 , -0.1786874 , 2.909545 , -0.08400039 , -0.09683316 , 3.023294 , -0.1593855 , -0.6245947 , 3.063073 , -0.2006336 , -1.049235 , 3.1146 , -0.1927835 , -1.129857 , 3.064469 , 0.07477428 , -0.101756 , 3.045547 , 0.1224682 , -0.6421223 , 3.092863 , 0.1520612 , -1.066033 , 3.162012 , 0.1642027 , -1.121132 , 3.065179 , 
5 , 168 , -0.005047403 , -0.01846165 , 3.035808 , -0.007368932 , 0.0527798 , 3.043126 , -0.009674017 , 0.4065999 , 3.016887 , 0.0115902 , 0.5632534 , 2.94118 , -0.1850218 , 0.3173972 , 3.016859 , -0.2941483 , 0.1222265 , 3.02095 , -0.2778364 , -0.04614187 , 2.822588 , -0.2488611 , -0.1206369 , 2.717619 , 0.1718975 , 0.3111246 , 3.067191 , 0.2705039 , 0.08835999 , 3.139821 , 0.3276077 , -0.09926233 , 3.015353 , 0.3515565 , -0.1820882 , 2.902313 , -0.08400916 , -0.09704673 , 3.023331 , -0.1590907 , -0.6250601 , 3.063258 , -0.1985802 , -1.047942 , 3.11219 , -0.1861989 , -1.103123 , 3.015433 , 0.07478273 , -0.1018164 , 3.045457 , 0.1223597 , -0.643194 , 3.094759 , 0.1519598 , -1.066575 , 3.161899 , 0.1643411 , -1.121756 , 3.065142 , 
6 , 200 , -0.00503555 , -0.01903287 , 3.035363 , -0.006991949 , 0.05198989 , 3.040644 , -0.005639167 , 0.403156 , 3.009095 , 0.006878485 , 0.5622472 , 2.934898 , -0.1837109 , 0.3166837 , 3.012642 , -0.2965393 , 0.1191784 , 3.010679 , -0.2780603 , -0.04573976 , 2.821981 , -0.2492625 , -0.121291 , 2.715406 , 0.1717598 , 0.3113917 , 3.06455 , 0.2703927 , 0.08801205 , 3.138895 , 0.3280755 , -0.09747931 , 3.015359 , 0.3511373 , -0.1830039 , 2.904012 , -0.08404214 , -0.09739202 , 3.023442 , -0.1591054 , -0.6251562 , 3.063342 , -0.1986827 , -1.044407 , 3.107849 , -0.1949053 , -1.135382 , 3.079852 , 0.07461819 , -0.1020809 , 3.045574 , 0.1221274 , -0.6450977 , 3.095761 , 0.1526085 , -1.066515 , 3.162567 , 0.1654362 , -1.122315 , 3.066224 , 
7 , 232 , -0.004796817 , -0.01986319 , 3.035121 , -0.006495875 , 0.05093388 , 3.038677 , -0.005073385 , 0.4012053 , 3.005121 , 0.006150333 , 0.5572603 , 2.93047 , -0.1834704 , 0.3143783 , 3.007766 , -0.2966006 , 0.1168523 , 3.002993 , -0.2788742 , -0.04468069 , 2.822576 , -0.2494266 , -0.12155 , 2.715163 , 0.1721905 , 0.3104265 , 3.06005 , 0.2713225 , 0.08628893 , 3.137203 , 0.3281221 , -0.09696224 , 3.013199 , 0.3489906 , -0.1856301 , 2.901322 , -0.08386882 , -0.09868892 , 3.024231 , -0.1589583 , -0.6255853 , 3.063179 , -0.1987947 , -1.044846 , 3.108111 , -0.1924277 , -1.135043 , 3.078137 , 0.07487096 , -0.1026611 , 3.0459 , 0.1226233 , -0.6454922 , 3.096166 , 0.1533163 , -1.065832 , 3.159486 , 0.1662285 , -1.121939 , 3.063336 , 
8 , 268 , -0.004772412 , -0.02184732 , 3.035284 , -0.0063169 , 0.04887536 , 3.037123 , -0.004413014 , 0.3983451 , 3.001594 , 0.006604423 , 0.5508497 , 2.922213 , -0.1823724 , 0.3108522 , 3.000428 , -0.2982217 , 0.1126571 , 2.997069 , -0.2801898 , -0.05462497 , 2.814909 , -0.2487183 , -0.1270069 , 2.711807 , 0.1729777 , 0.3075432 , 3.056738 , 0.2722693 , 0.07934503 , 3.131738 , 0.3336814 , -0.128123 , 2.972134 , 0.3475811 , -0.1890465 , 2.900358 , -0.08406796 , -0.1009134 , 3.025713 , -0.1585285 , -0.6258638 , 3.062936 , -0.1986416 , -1.044914 , 3.105888 , -0.1891491 , -1.134399 , 3.074631 , 0.07483115 , -0.104914 , 3.047354 , 0.1227666 , -0.645605 , 3.096045 , 0.1542504 , -1.065803 , 3.159992 , 0.1682627 , -1.122243 , 3.064188 , 
9 , 300 , -0.005265717 , -0.02542691 , 3.036768 , -0.006312371 , 0.04529562 , 3.036225 , -0.001690795 , 0.389688 , 2.991879 , 0.01032593 , 0.5444868 , 2.918124 , -0.178676 , 0.3062134 , 2.993796 , -0.2976805 , 0.1011796 , 2.98229 , -0.279502 , -0.08160768 , 2.802292 , -0.2521513 , -0.1393918 , 2.717106 , 0.1779422 , 0.2990829 , 3.051808 , 0.2742938 , 0.07224379 , 3.126823 , 0.3335756 , -0.1285218 , 2.982175 , 0.3470949 , -0.1921462 , 2.897837 , -0.08565769 , -0.1055996 , 3.030551 , -0.1582801 , -0.6289411 , 3.062389 , -0.2015878 , -1.045294 , 3.104395 , -0.1610308 , -1.130123 , 3.119704 , 0.0739865 , -0.1091239 , 3.051578 , 0.1226379 , -0.6458893 , 3.095868 , 0.1546441 , -1.064265 , 3.154626 , 0.1688983 , -1.121762 , 3.059486 , 
10 , 332 , -0.006910041 , -0.0333496 , 3.039923 , -0.007280348 , 0.03667164 , 3.036176 , -0.0001451808 , 0.3747737 , 2.981647 , 0.001006516 , 0.5308854 , 2.894135 , -0.1845719 , 0.2913564 , 2.984515 , -0.3001381 , 0.07747549 , 2.970922 , -0.2805751 , -0.08872837 , 2.810776 , -0.2502759 , -0.1639235 , 2.704611 , 0.1771922 , 0.2931443 , 3.044281 , 0.2771173 , 0.06047164 , 3.124586 , 0.3346304 , -0.1368355 , 2.988253 , 0.3460097 , -0.2025165 , 2.905189 , -0.08964334 , -0.1157883 , 3.037496 , -0.1582403 , -0.6294224 , 3.061947 , -0.2016408 , -1.045345 , 3.104315 , -0.1870392 , -1.104234 , 3.010076 , 0.07257301 , -0.117783 , 3.058819 , 0.1244021 , -0.6462158 , 3.093213 , 0.1550521 , -1.064262 , 3.154161 , 0.1696538 , -1.123151 , 3.059923 , 
11 , 368 , -0.008635393 , -0.05255485 , 3.046507 , -0.008798155 , 0.0158127 , 3.038414 , -0.003089531 , 0.3464381 , 2.969675 , 0.009272198 , 0.5019763 , 2.878688 , -0.1864807 , 0.2674026 , 2.97276 , -0.300117 , 0.0706949 , 2.966513 , -0.2754817 , -0.1478713 , 2.773595 , -0.2436504 , -0.204602 , 2.700429 , 0.1771289 , 0.2673653 , 3.030233 , 0.2780113 , 0.04812988 , 3.12202 , 0.332909 , -0.1434436 , 2.991204 , 0.3428134 , -0.2280908 , 2.894545 , -0.09211034 , -0.1348932 , 3.048541 , -0.1602055 , -0.6319683 , 3.058205 , -0.2015092 , -1.046691 , 3.106101 , -0.1877902 , -1.107603 , 3.013026 , 0.07208579 , -0.1351309 , 3.068894 , 0.126094 , -0.6471765 , 3.090569 , 0.1630777 , -1.062062 , 3.14684 , 0.1767968 , -1.122974 , 3.053765 , 
12 , 400 , -0.01053853 , -0.06829593 , 3.051431 , -0.01057529 , -0.0003341944 , 3.040144 , -0.004837084 , 0.3295261 , 2.962666 , 0.01004112 , 0.4854031 , 2.860515 , -0.1843388 , 0.2487046 , 2.963815 , -0.3026645 , 0.04472732 , 2.952721 , -0.2752755 , -0.1588886 , 2.782028 , -0.2488803 , -0.2248148 , 2.702538 , 0.1752874 , 0.2489979 , 3.024217 , 0.2839259 , 0.01859752 , 3.11365 , 0.3306856 , -0.1715286 , 3.000749 , 0.3399343 , -0.2517454 , 2.931169 , -0.09337839 , -0.1478168 , 3.05445 , -0.160568 , -0.6334506 , 3.052032 , -0.20673 , -1.042781 , 3.097354 , -0.1712576 , -1.129902 , 3.112398 , 0.06984524 , -0.1494406 , 3.077478 , 0.1299136 , -0.6558539 , 3.085102 , 0.164233 , -1.058977 , 3.140535 , 0.1787792 , -1.121226 , 3.048483 , 
13 , 436 , -0.01134432 , -0.08217065 , 3.056118 , -0.01053659 , -0.01585364 , 3.041994 , 0.0007294136 , 0.3019731 , 2.951895 , 0.01151177 , 0.4651459 , 2.844012 , -0.1839679 , 0.2270611 , 2.953438 , -0.3005449 , 0.02548337 , 2.947244 , -0.2860605 , -0.1940122 , 2.792301 , -0.2563369 , -0.2608468 , 2.714784 , 0.18061 , 0.225092 , 3.0184 , 0.2801282 , 0.005930222 , 3.117083 , 0.3284335 , -0.1834176 , 3.005268 , 0.3366788 , -0.2614445 , 2.933136 , -0.09586886 , -0.1648926 , 3.062922 , -0.1616871 , -0.6324924 , 3.044899 , -0.2096196 , -1.033866 , 3.082346 , -0.189378 , -1.121882 , 3.05206 , 0.06839345 , -0.1638574 , 3.086341 , 0.1319361 , -0.6539047 , 3.080146 , 0.1649212 , -1.058026 , 3.139662 , 0.1800515 , -1.122516 , 3.049268 , 
14 , 468 , -0.01447839 , -0.1067364 , 3.060223 , -0.01316334 , -0.04226554 , 3.042786 , 0.0006692935 , 0.27151 , 2.942047 , 0.009736275 , 0.4266435 , 2.830351 , -0.1823625 , 0.1891385 , 2.932311 , -0.3056765 , -0.002180379 , 2.941316 , -0.2893153 , -0.2196029 , 2.797311 , -0.2633017 , -0.3000505 , 2.732435 , 0.1789913 , 0.2054953 , 3.01058 , 0.2801699 , -0.0134968 , 3.11883 , 0.3293193 , -0.2341522 , 3.027654 , 0.3382894 , -0.3091816 , 2.952504 , -0.09813014 , -0.1856047 , 3.068643 , -0.1635899 , -0.6367318 , 3.031542 , -0.2135065 , -1.021776 , 3.069107 , -0.193959 , -1.088192 , 2.980985 , 0.06336775 , -0.1849755 , 3.093655 , 0.1345193 , -0.6539431 , 3.074568 , 0.1660152 , -1.0505 , 3.131641 , 0.1855627 , -1.116916 , 3.043519 , 
15 , 500 , -0.01506926 , -0.1289358 , 3.063233 , -0.01341825 , -0.06518345 , 3.042839 , 0.0007256245 , 0.2424451 , 2.930444 , 0.01710309 , 0.4042984 , 2.822844 , -0.1792201 , 0.1689228 , 2.922406 , -0.3068538 , -0.0102022 , 2.939177 , -0.2946853 , -0.2657412 , 2.806133 , -0.2643599 , -0.3315473 , 2.743766 , 0.1790988 , 0.1718866 , 3.002304 , 0.2798909 , -0.04868009 , 3.117115 , 0.3269219 , -0.2458479 , 3.029539 , 0.3355854 , -0.3274119 , 2.961323 , -0.09811062 , -0.2070088 , 3.077379 , -0.1680506 , -0.6549577 , 3.017274 , -0.2186706 , -1.014478 , 3.059681 , -0.1997671 , -1.082938 , 2.973 , 0.06174304 , -0.2045491 , 3.096698 , 0.1359366 , -0.6539711 , 3.068539 , 0.1805124 , -1.026335 , 3.104779 , 0.199416 , -1.094796 , 3.018098 , 
16 , 536 , -0.02086245 , -0.1554009 , 3.065123 , -0.01983355 , -0.09391119 , 3.040841 , -0.01062682 , 0.2010218 , 2.909187 , 0.01765749 , 0.363099 , 2.802976 , -0.1785046 , 0.1437279 , 2.910739 , -0.3184975 , -0.06963471 , 2.925632 , -0.3028441 , -0.2870491 , 2.843453 , -0.2822024 , -0.360439 , 2.768859 , 0.179558 , 0.1448005 , 2.995777 , 0.280655 , -0.07634313 , 3.116528 , 0.3218814 , -0.288796 , 3.04039 , 0.3307607 , -0.373928 , 2.976749 , -0.1028989 , -0.2318769 , 3.080261 , -0.1728407 , -0.677716 , 3.004802 , -0.2181216 , -1.007347 , 3.046708 , -0.1987298 , -1.07908 , 2.963002 , 0.05567516 , -0.2321926 , 3.106986 , 0.1413683 , -0.6784412 , 3.061846 , 0.1810739 , -1.028512 , 3.107328 , 0.2004657 , -1.100245 , 3.023623 , 
17 , 568 , -0.02326044 , -0.1706626 , 3.067368 , -0.02146738 , -0.1091014 , 3.040617 , -0.008192933 , 0.1877497 , 2.902281 , 0.02474052 , 0.3483333 , 2.781218 , -0.1762156 , 0.1243143 , 2.90157 , -0.3211377 , -0.07866685 , 2.925264 , -0.3071273 , -0.339478 , 2.839184 , -0.2957469 , -0.4122474 , 2.770537 , 0.1799336 , 0.1309913 , 2.990876 , 0.2810174 , -0.0887114 , 3.113933 , 0.3210613 , -0.3095044 , 3.059175 , 0.3331439 , -0.404766 , 3.012513 , -0.1058276 , -0.2450787 , 3.085245 , -0.1768204 , -0.6879582 , 2.99373 , -0.2177205 , -1.005328 , 3.041569 , -0.1969211 , -1.078179 , 2.959185 , 0.05284917 , -0.2450036 , 3.110611 , 0.1458271 , -0.6884479 , 3.052866 , 0.1811566 , -1.02842 , 3.107149 , 0.2019559 , -1.101271 , 3.024765 , 
18 , 600 , -0.02228138 , -0.1930638 , 3.068617 , -0.0204091 , -0.1321076 , 3.040102 , -0.006732802 , 0.1649402 , 2.896456 , 0.02497922 , 0.3121374 , 2.768587 , -0.1736285 , 0.09552763 , 2.891759 , -0.3304411 , -0.1128771 , 2.919686 , -0.3315096 , -0.356906 , 2.836235 , -0.3100166 , -0.4373221 , 2.778797 , 0.1828643 , 0.09933503 , 2.985131 , 0.2775247 , -0.1210747 , 3.111564 , 0.3189747 , -0.3577576 , 3.077576 , 0.3347762 , -0.4393944 , 3.018234 , -0.1048891 , -0.2671792 , 3.088467 , -0.1802169 , -0.7063825 , 2.983112 , -0.2160805 , -1.003475 , 3.0339 , -0.1948434 , -1.07719 , 2.952415 , 0.05383909 , -0.2669945 , 3.11358 , 0.1549873 , -0.7065081 , 3.040195 , 0.1815764 , -1.025262 , 3.104388 , 0.2028135 , -1.098976 , 3.022902 , 
19 , 636 , -0.02214656 , -0.2186881 , 3.063755 , -0.01959009 , -0.1613937 , 3.034061 , -0.001649486 , 0.1149687 , 2.886702 , 0.01856544 , 0.2761782 , 2.763941 , -0.1753387 , 0.06760116 , 2.885462 , -0.3448675 , -0.1459193 , 2.923785 , -0.3489602 , -0.3803841 , 2.840842 , -0.3343385 , -0.4677439 , 2.795966 , 0.1819081 , 0.07537907 , 2.978836 , 0.2780576 , -0.1369054 , 3.115747 , 0.3204941 , -0.3631757 , 3.082678 , 0.3378475 , -0.4643221 , 3.053175 , -0.1048294 , -0.2910792 , 3.08441 , -0.185596 , -0.726183 , 2.966531 , -0.2289204 , -1.084916 , 2.994777 , -0.2077431 , -1.160783 , 2.915303 , 0.05236996 , -0.2934411 , 3.11133 , 0.1646212 , -0.7282504 , 3.026756 , 0.1795612 , -1.033245 , 3.107299 , 0.2007385 , -1.109112 , 3.027825 , 
20 , 667 , -0.02155565 , -0.2339375 , 3.064627 , -0.01854565 , -0.1757324 , 3.033846 , 0.0001616293 , 0.1068263 , 2.883848 , 0.02451895 , 0.2604621 , 2.754383 , -0.1727919 , 0.05512273 , 2.87983 , -0.3442984 , -0.1611753 , 2.924409 , -0.3761645 , -0.4106199 , 2.857249 , -0.3647152 , -0.4918278 , 2.820668 , 0.1821928 , 0.05314586 , 2.973749 , 0.2792637 , -0.1531298 , 3.117976 , 0.340309 , -0.3897049 , 3.128818 , 0.3472438 , -0.4835078 , 3.078195 , -0.1037171 , -0.3052595 , 3.084857 , -0.1870872 , -0.7335783 , 2.944672 , -0.2306937 , -1.089419 , 2.988384 , -0.2103656 , -1.165308 , 2.90883 , 0.05134967 , -0.3080049 , 3.115124 , 0.1691043 , -0.7395693 , 3.022182 , 0.1782624 , -1.030922 , 3.104924 , 0.1985905 , -1.106811 , 3.02537 , 
21 , 700 , -0.01968911 , -0.2504246 , 3.063612 , -0.01605614 , -0.1939269 , 3.031282 , 0.006688228 , 0.08017248 , 2.872891 , 0.02594206 , 0.2469301 , 2.755369 , -0.1659138 , 0.02446029 , 2.871825 , -0.352738 , -0.1754984 , 2.925704 , -0.3903995 , -0.4218355 , 2.866164 , -0.3834708 , -0.5025345 , 2.839406 , 0.1832702 , 0.04325614 , 2.969628 , 0.2797713 , -0.1608623 , 3.117048 , 0.3432806 , -0.4063705 , 3.131602 , 0.3586223 , -0.5045463 , 3.109789 , -0.1006794 , -0.3199157 , 3.08764 , -0.1915589 , -0.7400081 , 2.927757 , -0.2335269 , -1.093868 , 2.981015 , -0.2100929 , -1.171537 , 2.904295 , 0.05083466 , -0.3205174 , 3.112874 , 0.1758599 , -0.7492763 , 3.017789 , 0.2102067 , -1.103165 , 3.074461 , 0.2336408 , -1.180834 , 2.997741 , 
22 , 735 , -0.02296082 , -0.2774552 , 3.064112 , -0.02126517 , -0.2224116 , 3.029476 , -0.01267731 , 0.04359365 , 2.859734 , 0.01632799 , 0.1982356 , 2.731631 , -0.1713371 , -0.006935651 , 2.862289 , -0.3615143 , -0.2014264 , 2.9214 , -0.4125336 , -0.433199 , 2.894236 , -0.4197584 , -0.5279184 , 2.87623 , 0.1762158 , 0.00036732 , 2.954201 , 0.2820584 , -0.1821598 , 3.119188 , 0.3429006 , -0.4052597 , 3.136463 , 0.3675101 , -0.5091095 , 3.131065 , -0.1002921 , -0.3443891 , 3.093192 , -0.2040389 , -0.7487142 , 2.901774 , -0.2357104 , -1.096766 , 2.980405 , -0.2151837 , -1.176234 , 2.904768 , 0.04859426 , -0.3461352 , 3.112917 , 0.1577924 , -0.6804048 , 3.028913 , 0.1866294 , -1.00763 , 3.083289 , 0.207156 , -1.087098 , 3.007652 , 
23 , 768 , -0.02403205 , -0.2963616 , 3.062956 , -0.0211798 , -0.2410557 , 3.026531 , -0.005021448 , 0.02738114 , 2.850456 , 0.01967123 , 0.1868931 , 2.726106 , -0.1710164 , -0.0265311 , 2.855023 , -0.3658391 , -0.2129596 , 2.921191 , -0.4268448 , -0.4443906 , 2.906468 , -0.4287421 , -0.53414 , 2.876006 , 0.17362 , -0.01530778 , 2.948998 , 0.2829838 , -0.1903149 , 3.118909 , 0.3744027 , -0.4525394 , 3.170651 , 0.375432 , -0.5241188 , 3.137377 , -0.1023264 , -0.3619153 , 3.093602 , -0.2119179 , -0.7568238 , 2.886062 , -0.2414032 , -1.103805 , 2.968244 , -0.2200056 , -1.184188 , 2.893939 , 0.0462962 , -0.3623105 , 3.112881 , 0.1704366 , -0.6900807 , 3.022445 , 0.1881347 , -1.005687 , 3.080658 , 0.2095322 , -1.086071 , 3.006353 , 
24 , 800 , -0.02587557 , -0.3267882 , 3.06672 , -0.02272152 , -0.2727693 , 3.028056 , -0.00423256 , -0.009002219 , 2.842211 , 0.02795255 , 0.1387882 , 2.715409 , -0.1683408 , -0.06248315 , 2.847346 , -0.3757876 , -0.2308063 , 2.920368 , -0.4465113 , -0.4533108 , 2.909289 , -0.463739 , -0.5560507 , 2.885757 , 0.1695498 , -0.03856178 , 2.941648 , 0.2839326 , -0.2033948 , 3.117354 , 0.3795381 , -0.461071 , 3.18009 , 0.3949406 , -0.5384071 , 3.176463 , -0.1051261 , -0.3887601 , 3.101291 , -0.1892796 , -0.669657 , 2.926725 , -0.2172824 , -0.9915349 , 2.998685 , -0.194058 , -1.073619 , 2.926862 , 0.04498301 , -0.3892872 , 3.11491 , 0.1774263 , -0.6950831 , 3.016652 , 0.1881332 , -1.005633 , 3.080363 , 0.2113575 , -1.087717 , 3.008541 , 
25 , 835 , -0.02476489 , -0.3437475 , 3.064838 , -0.0210357 , -0.2912486 , 3.026026 , 0.0005758724 , -0.03457175 , 2.841361 , 0.02955603 , 0.1224229 , 2.715102 , -0.1663669 , -0.08610504 , 2.840893 , -0.3813292 , -0.2450966 , 2.913215 , -0.4585417 , -0.4635521 , 2.919555 , -0.4744172 , -0.5615105 , 2.899241 , 0.1745283 , -0.0665241 , 2.941204 , 0.2888409 , -0.2236541 , 3.122929 , 0.3885808 , -0.4703481 , 3.211928 , 0.410774 , -0.5460661 , 3.213419 , -0.1050507 , -0.4063726 , 3.101502 , -0.1908778 , -0.6721293 , 2.921992 , -0.2172793 , -0.9871337 , 2.989938 , -0.1938241 , -1.069766 , 2.919022 , 0.04575673 , -0.4097885 , 3.112504 , 0.1813026 , -0.6963004 , 3.011069 , 0.1881665 , -1.006171 , 3.080369 , 0.2116217 , -1.088803 , 3.009453 , 
26 , 868 , -0.02135794 , -0.3591988 , 3.060269 , -0.0181289 , -0.3057904 , 3.020769 , 0.0008396315 , -0.04455722 , 2.833748 , 0.02181972 , 0.1141135 , 2.707717 , -0.1670332 , -0.09466369 , 2.836349 , -0.3824489 , -0.2522795 , 2.909792 , -0.4838625 , -0.4977162 , 2.933307 , -0.4929233 , -0.5728289 , 2.911035 , 0.1735143 , -0.07668544 , 2.936003 , 0.2889393 , -0.229883 , 3.119989 , 0.392258 , -0.45647 , 3.245254 , 0.41483 , -0.5474361 , 3.222336 , -0.099906 , -0.421351 , 3.099728 , -0.1904782 , -0.6800197 , 2.913477 , -0.2186262 , -0.9832037 , 2.978106 , -0.1954762 , -1.065589 , 2.906952 , 0.04826415 , -0.4236043 , 3.106793 , 0.1851515 , -0.6988943 , 3.004682 , 0.1866683 , -1.009386 , 3.080429 , 0.2098182 , -1.091772 , 3.009275 , 
27 , 900 , -0.02260563 , -0.3765286 , 3.054699 , -0.01893147 , -0.3253079 , 3.01416 , 0.002229078 , -0.07503818 , 2.821861 , 0.02076844 , 0.09045441 , 2.702123 , -0.1688934 , -0.1099209 , 2.82969 , -0.3878351 , -0.2597611 , 2.907248 , -0.487471 , -0.4824964 , 2.942672 , -0.5090457 , -0.5627726 , 2.925927 , 0.1724434 , -0.09630952 , 2.930672 , 0.2886537 , -0.247168 , 3.115877 , 0.3954098 , -0.4662533 , 3.250216 , 0.4218693 , -0.5588721 , 3.251128 , -0.1022297 , -0.4357527 , 3.096425 , -0.1896859 , -0.6921676 , 2.902215 , -0.2186366 , -0.9862647 , 2.980106 , -0.196364 , -1.070418 , 2.910843 , 0.04726009 , -0.4422094 , 3.101232 , 0.1868652 , -0.7056584 , 2.993982 , 0.1870534 , -1.01072 , 3.07952 , 0.209326 , -1.094872 , 3.010257 , 
28 , 935 , -0.02027159 , -0.3925421 , 3.054591 , -0.01693682 , -0.3383968 , 3.013402 , 0.002607775 , -0.07732306 , 2.820406 , 0.02712849 , 0.08554261 , 2.698631 , -0.1650856 , -0.1270505 , 2.824005 , -0.3894491 , -0.2658781 , 2.905142 , -0.5119115 , -0.5146666 , 2.957947 , -0.5337805 , -0.589912 , 2.949535 , 0.1761594 , -0.1162337 , 2.928722 , 0.2901461 , -0.2583765 , 3.121 , 0.4010621 , -0.46109 , 3.274326 , 0.4255147 , -0.5523151 , 3.260724 , -0.09745239 , -0.4549198 , 3.095203 , -0.1866908 , -0.6977061 , 2.893982 , -0.2180496 , -0.9828024 , 2.972801 , -0.1951944 , -1.065849 , 2.902606 , 0.04810684 , -0.4566701 , 3.102249 , 0.1891348 , -0.7099389 , 2.989542 , 0.1852045 , -1.0178 , 3.086573 , 0.2080597 , -1.100847 , 3.016378 , 
29 , 968 , -0.01954938 , -0.4054804 , 3.050744 , -0.0185267 , -0.354362 , 3.009413 , -0.01953175 , -0.1092942 , 2.815927 , 0.01534753 , 0.06079842 , 2.703509 , -0.1688415 , -0.1506195 , 2.823228 , -0.3970777 , -0.2804351 , 2.90731 , -0.5128698 , -0.5154164 , 2.958131 , -0.5380244 , -0.5896721 , 2.950675 , 0.1701538 , -0.1277211 , 2.918623 , 0.2876652 , -0.2587731 , 3.115844 , 0.3937797 , -0.4521807 , 3.2827 , 0.4291512 , -0.51665 , 3.342922 , -0.09323425 , -0.4690393 , 3.092736 , -0.1874745 , -0.7036752 , 2.884281 , -0.2189455 , -0.9817432 , 2.968111 , -0.1962133 , -1.065557 , 2.898736 , 0.05062647 , -0.4666319 , 3.097514 , 0.1921568 , -0.7161752 , 2.980399 , 0.2018275 , -0.9856958 , 3.052132 , 0.2245596 , -1.069509 , 2.982757 , 
30 , 1000 , -0.019847 , -0.4297593 , 3.047299 , -0.01648323 , -0.3803155 , 3.006602 , 0.003425018 , -0.1395191 , 2.816763 , 0.02697391 , 0.02001004 , 2.691282 , -0.1700384 , -0.1795834 , 2.826038 , -0.4027867 , -0.2917492 , 2.910007 , -0.5191032 , -0.5213309 , 2.958522 , -0.5443581 , -0.5952535 , 2.948735 , 0.1688045 , -0.16651 , 2.917278 , 0.2907759 , -0.2802967 , 3.121381 , 0.4031799 , -0.4764558 , 3.278155 , 0.4343402 , -0.5587564 , 3.291163 , -0.09566778 , -0.4914804 , 3.08905 , -0.1862206 , -0.7114448 , 2.875429 , -0.2198461 , -0.9827116 , 2.961915 , -0.1995955 , -1.067494 , 2.893006 , 0.04708694 , -0.4918988 , 3.095237 , 0.1925434 , -0.719952 , 2.973327 , 0.1862949 , -1.017667 , 3.074641 , 0.2065455 , -1.10245 , 3.005732 , 
31 , 1035 , -0.0178759 , -0.4405417 , 3.042829 , -0.01377788 , -0.3896689 , 3.002892 , 0.007789128 , -0.1423081 , 2.815727 , 0.02791106 , 0.01935008 , 2.691751 , -0.1686058 , -0.1860998 , 2.82484 , -0.3987575 , -0.3152412 , 2.902644 , -0.5194882 , -0.5223899 , 2.955644 , -0.5521695 , -0.5970067 , 2.946371 , 0.1704854 , -0.1718352 , 2.917904 , 0.2857409 , -0.3007104 , 3.117436 , 0.3996824 , -0.5021587 , 3.270031 , 0.4317687 , -0.569845 , 3.294089 , -0.0942667 , -0.502647 , 3.0843 , -0.1840017 , -0.7149662 , 2.872283 , -0.2187375 , -0.9773371 , 2.951798 , -0.1824441 , -1.063577 , 2.963937 , 0.04741693 , -0.5043527 , 3.089386 , 0.1930597 , -0.728039 , 2.96293 , 0.185811 , -1.01785 , 3.074249 , 0.2067986 , -1.101574 , 3.00446 , 
32 , 1067 , -0.01930632 , -0.4485097 , 3.03986 , -0.0150143 , -0.3975198 , 3.000237 , 0.007422296 , -0.1466412 , 2.815149 , 0.02827903 , 0.01682489 , 2.692946 , -0.1684153 , -0.1918151 , 2.823212 , -0.3841634 , -0.3479185 , 2.897661 , -0.5172374 , -0.5445176 , 2.947709 , -0.5513417 , -0.6154308 , 2.944193 , 0.1714548 , -0.1848981 , 2.918034 , 0.2859029 , -0.3201912 , 3.114157 , 0.3984416 , -0.5105026 , 3.280196 , 0.4160044 , -0.5835997 , 3.25717 , -0.09532496 , -0.5103482 , 3.080204 , -0.1828698 , -0.7225908 , 2.865621 , -0.2185716 , -0.9791008 , 2.94467 , -0.1982325 , -1.062308 , 2.874167 , 0.04523969 , -0.5135406 , 3.086974 , 0.1922555 , -0.7305929 , 2.959301 , 0.1850754 , -1.016701 , 3.068652 , 0.2054145 , -1.099908 , 2.998149 , 
33 , 1100 , -0.01686741 , -0.4525544 , 3.03399 , -0.01335945 , -0.4005595 , 2.99545 , 0.007037216 , -0.1464622 , 2.814031 , 0.03555857 , 0.02055398 , 2.696528 , -0.1665494 , -0.1955847 , 2.821206 , -0.377417 , -0.3609638 , 2.891007 , -0.5027444 , -0.5659248 , 2.932542 , -0.5406229 , -0.6465435 , 2.935817 , 0.1753381 , -0.1886487 , 2.919017 , 0.2832347 , -0.3390667 , 3.10858 , 0.3964662 , -0.5387295 , 3.263647 , 0.4325489 , -0.6319139 , 3.292892 , -0.08953939 , -0.5178804 , 3.068141 , -0.1809902 , -0.7289674 , 2.86255 , -0.2195914 , -0.9764376 , 2.930024 , -0.1985152 , -1.058663 , 2.85862 , 0.04732957 , -0.5177568 , 3.083332 , 0.1891899 , -0.7313918 , 2.951833 , 0.1830845 , -1.013329 , 3.06013 , 0.2041607 , -1.095555 , 2.988726 , 
34 , 1135 , -0.01406377 , -0.4544222 , 3.031223 , -0.0104535 , -0.4025075 , 2.992909 , 0.009219596 , -0.1473109 , 2.813614 , 0.03624878 , 0.02110162 , 2.6972 , -0.1653403 , -0.196459 , 2.819955 , -0.3666371 , -0.3782525 , 2.88011 , -0.4886039 , -0.5955977 , 2.909611 , -0.5197789 , -0.6860145 , 2.904533 , 0.178639 , -0.1898767 , 2.918856 , 0.2825637 , -0.3601546 , 3.095212 , 0.391153 , -0.561519 , 3.235373 , 0.4249063 , -0.6495211 , 3.258516 , -0.08748951 , -0.5204682 , 3.065496 , -0.1780882 , -0.7306393 , 2.860625 , -0.2196456 , -0.9751228 , 2.927098 , -0.1984225 , -1.057005 , 2.855304 , 0.05008617 , -0.5193945 , 3.081189 , 0.1873269 , -0.735855 , 2.945843 , 0.1835054 , -1.013157 , 3.059101 , 0.2047284 , -1.095039 , 2.987307 , 
35 , 1167 , -0.01253271 , -0.4532103 , 3.028269 , -0.008681344 , -0.4010859 , 2.990168 , 0.01259888 , -0.143151 , 2.812419 , 0.03545896 , 0.03102353 , 2.701548 , -0.1639474 , -0.1955341 , 2.818996 , -0.3466277 , -0.4016049 , 2.85902 , -0.4500709 , -0.6116195 , 2.860615 , -0.4822653 , -0.7124091 , 2.849937 , 0.1822182 , -0.1892062 , 2.919675 , 0.2824447 , -0.3839406 , 3.074798 , 0.3893173 , -0.6023213 , 3.185488 , 0.4309418 , -0.6976014 , 3.207807 , -0.08698491 , -0.5193793 , 3.062745 , -0.1753373 , -0.7306853 , 2.859138 , -0.2186092 , -0.9744526 , 2.923675 , -0.1971106 , -1.055922 , 2.851589 , 0.05195171 , -0.5190307 , 3.078085 , 0.1863191 , -0.7374352 , 2.935694 , 0.1852316 , -1.002581 , 3.034176 , 0.2067303 , -1.08405 , 2.96209 , 
36 , 1200 , -0.01241639 , -0.4427094 , 3.021475 , -0.007905121 , -0.3871552 , 2.983658 , 0.01813174 , -0.09867553 , 2.811872 , 0.04331385 , 0.09242492 , 2.723141 , -0.1559576 , -0.1726811 , 2.81501 , -0.3302328 , -0.3942442 , 2.830059 , -0.4167285 , -0.6206353 , 2.798742 , -0.4392054 , -0.7135749 , 2.782798 , 0.1871874 , -0.1821814 , 2.92111 , 0.2892558 , -0.3980433 , 3.049684 , 0.3948249 , -0.6146249 , 3.112286 , 0.4261127 , -0.7001032 , 3.085833 , -0.08952336 , -0.5061733 , 3.053643 , -0.1726889 , -0.7319318 , 2.855496 , -0.2174867 , -0.9779823 , 2.924241 , -0.1958669 , -1.056608 , 2.849026 , 0.05309588 , -0.512186 , 3.069186 , 0.1842591 , -0.7405251 , 2.934649 , 0.1798879 , -1.017477 , 3.045546 , 0.2015078 , -1.096103 , 2.970331 , 
37 , 1235 , -0.0136264 , -0.4255169 , 3.015161 , -0.008680698 , -0.3687351 , 2.978911 , 0.0179534 , -0.0857747 , 2.813646 , 0.041918 , 0.1046908 , 2.72354 , -0.1535153 , -0.150651 , 2.814575 , -0.3095692 , -0.3759221 , 2.799762 , -0.3897377 , -0.6196035 , 2.716171 , -0.3861373 , -0.6912568 , 2.684065 , 0.191963 , -0.1509449 , 2.92476 , 0.2953353 , -0.3844106 , 3.024653 , 0.3936711 , -0.5976514 , 3.003174 , 0.4209094 , -0.6837822 , 2.962054 , -0.09195507 , -0.4897349 , 3.045966 , -0.1698464 , -0.7308444 , 2.854057 , -0.2138921 , -0.9770732 , 2.92257 , -0.190273 , -1.055009 , 2.847329 , 0.05230535 , -0.4975656 , 3.060623 , 0.1791247 , -0.7352962 , 2.929118 , 0.180719 , -1.013062 , 3.041 , 0.2043381 , -1.090998 , 2.965759 , 
38 , 1267 , -0.01748245 , -0.3949498 , 3.008434 , -0.01319994 , -0.3358572 , 2.974663 , 0.007866253 , -0.03721596 , 2.823738 , 0.03799305 , 0.1565635 , 2.739745 , -0.153474 , -0.1130882 , 2.816218 , -0.2947724 , -0.3332357 , 2.764722 , -0.3395951 , -0.5622888 , 2.615068 , -0.3397015 , -0.6343037 , 2.564354 , 0.1926707 , -0.1007385 , 2.926021 , 0.2980875 , -0.3265663 , 2.979819 , 0.3922344 , -0.5065514 , 2.909712 , 0.4246663 , -0.5858245 , 2.846728 , -0.09592529 , -0.4618953 , 3.038233 , -0.1675588 , -0.7300735 , 2.853179 , -0.205568 , -0.9250743 , 2.876529 , -0.205428 , -1.021922 , 2.959425 , 0.05017846 , -0.468778 , 3.048614 , 0.1761731 , -0.7336181 , 2.927928 , 0.1831366 , -1.002143 , 3.025474 , 0.2088925 , -1.076787 , 2.947671 , 
39 , 1300 , -0.01234015 , -0.3616495 , 3.004829 , -0.006909092 , -0.2999753 , 2.973545 , 0.02153113 , 0.007872673 , 2.834682 , 0.03959733 , 0.1904118 , 2.739989 , -0.1490754 , -0.07281224 , 2.815567 , -0.2936366 , -0.2585017 , 2.743031 , -0.3043198 , -0.464784 , 2.532724 , -0.2864343 , -0.5322802 , 2.469035 , 0.1961461 , -0.07608622 , 2.928802 , 0.3029254 , -0.2515442 , 2.948918 , 0.3960363 , -0.4155552 , 2.841115 , 0.4190095 , -0.4707252 , 2.737761 , -0.09313929 , -0.4312838 , 3.027683 , -0.1641497 , -0.7253198 , 2.85428 , -0.2124294 , -1.014966 , 2.965698 , -0.2430673 , -1.087216 , 3.066121 , 0.05560998 , -0.43679 , 3.0454 , 0.1677482 , -0.7261617 , 2.930937 , 0.1824983 , -1.002183 , 3.025992 , 0.2079436 , -1.074864 , 2.94629 , 
40 , 1335 , -0.01430826 , -0.3090556 , 2.996047 , -0.008620045 , -0.2468213 , 2.967951 , 0.02039724 , 0.06366805 , 2.842624 , 0.03906152 , 0.2378233 , 2.759861 , -0.1504894 , -0.01768233 , 2.815039 , -0.2807564 , -0.1784066 , 2.723397 , -0.2880096 , -0.3118258 , 2.533021 , -0.2562499 , -0.3854076 , 2.420055 , 0.1971875 , -0.01582197 , 2.933693 , 0.3113599 , -0.1899657 , 2.93826 , 0.4283921 , -0.3239214 , 2.811709 , 0.4634042 , -0.3680169 , 2.721608 , -0.09792306 , -0.381703 , 3.007673 , -0.1589339 , -0.7097641 , 2.862837 , -0.2128281 , -1.012048 , 2.965909 , -0.1853667 , -1.082673 , 2.885033 , 0.05540285 , -0.3857284 , 3.040368 , 0.1587907 , -0.7039732 , 2.938833 , 0.1821758 , -1.001667 , 3.026307 , 0.2096372 , -1.072291 , 2.945431 , 
41 , 1368 , -0.008521324 , -0.2518411 , 2.982543 , -0.004022751 , -0.1884375 , 2.957057 , 0.01899092 , 0.1280412 , 2.84492 , 0.04126139 , 0.3045543 , 2.770924 , -0.1512312 , 0.04673649 , 2.814455 , -0.3132858 , -0.1131929 , 2.668053 , -0.2687244 , -0.2113394 , 2.473411 , -0.2154556 , -0.240515 , 2.354464 , 0.1999181 , 0.04705345 , 2.933287 , 0.3239808 , -0.1204558 , 2.93596 , 0.4361252 , -0.180355 , 2.754354 , 0.4590928 , -0.2101841 , 2.68546 , -0.09105735 , -0.3264873 , 2.989016 , -0.1575467 , -0.756657 , 2.861033 , -0.2110146 , -1.005959 , 2.967179 , -0.183321 , -1.074142 , 2.884411 , 0.06284237 , -0.3314598 , 3.026365 , 0.1726387 , -0.7615666 , 2.938673 , 0.2005014 , -1.10345 , 3.026477 , 0.228195 , -1.171633 , 2.943709 , 
42 , 1400 , -0.007377301 , -0.1869399 , 2.970772 , -0.00372799 , -0.121314 , 2.948254 , 0.01497219 , 0.206409 , 2.851078 , 0.03272759 , 0.3807526 , 2.768395 , -0.1569343 , 0.1126226 , 2.812773 , -0.2978025 , -0.01013858 , 2.689002 , -0.2926314 , -0.08047793 , 2.476992 , -0.1759787 , -0.04283783 , 2.349776 , 0.1951098 , 0.1152873 , 2.924962 , 0.347398 , -0.02990945 , 2.897565 , 0.4012044 , 0.02467095 , 2.687839 , 0.4169526 , 0.01128347 , 2.583677 , -0.0913797 , -0.2641018 , 2.971406 , -0.1618572 , -0.7036372 , 2.893323 , -0.2084678 , -0.9967374 , 2.97155 , -0.2279814 , -1.069876 , 3.062783 , 0.06767228 , -0.2673467 , 3.01257 , 0.1564613 , -0.7068812 , 2.963863 , 0.1906439 , -1.052672 , 3.036909 , 0.2175636 , -1.118189 , 2.951729 , 
43 , 1436 , -0.0009189546 , -0.1104018 , 2.950681 , 0.002255399 , -0.04333854 , 2.931546 , 0.01849634 , 0.291683 , 2.851394 , 0.02390225 , 0.4682618 , 2.773337 , -0.1581574 , 0.1921835 , 2.813491 , -0.3079631 , 0.09953404 , 2.671624 , -0.2952976 , 0.02997482 , 2.459827 , -0.2910758 , 0.006788412 , 2.393817 , 0.1955547 , 0.1992731 , 2.912144 , 0.3536396 , 0.06094369 , 2.875675 , 0.4015921 , 0.03647882 , 2.658643 , 0.4000397 , 0.08671148 , 2.553673 , -0.08548547 , -0.1908765 , 2.946887 , -0.1559338 , -0.6347843 , 2.920526 , -0.2138055 , -0.9865092 , 2.988224 , -0.2279645 , -1.070063 , 3.064893 , 0.07589559 , -0.1904684 , 2.988621 , 0.1473434 , -0.6475372 , 2.986021 , 0.176902 , -1.001808 , 3.064508 , 0.2012533 , -1.06475 , 2.976671 , 
44 , 1467 , 0.001571534 , -0.04047313 , 2.930414 , 0.002297743 , 0.02972898 , 2.914816 , 0.006190511 , 0.3805529 , 2.852444 , 0.02361311 , 0.5580913 , 2.770428 , -0.1611812 , 0.2769847 , 2.818978 , -0.3172711 , 0.1867235 , 2.68377 , -0.2806768 , 0.1403948 , 2.468187 , -0.2684787 , 0.1249519 , 2.400915 , 0.1937925 , 0.2791167 , 2.895759 , 0.3680677 , 0.1662653 , 2.835445 , 0.4092838 , 0.1607272 , 2.615557 , 0.4098713 , 0.1997312 , 2.516825 , -0.08021463 , -0.1216857 , 2.923714 , -0.1618746 , -0.6332705 , 2.956697 , -0.2276331 , -1.012749 , 3.04081 , -0.2086459 , -1.072653 , 2.949739 , 0.08157793 , -0.1214888 , 2.961853 , 0.1443528 , -0.6358131 , 3.008358 , 0.1734333 , -1.026309 , 3.112101 , 0.1924205 , -1.086213 , 3.02103 , 
45 , 1500 , 0.007763121 , 0.02676307 , 2.914995 , 0.008592136 , 0.09882005 , 2.900949 , 0.01296788 , 0.4589641 , 2.846455 , 0.0183862 , 0.6336695 , 2.768156 , -0.1602798 , 0.3424215 , 2.811563 , -0.3081833 , 0.2375647 , 2.573845 , -0.1083732 , 0.3550602 , 2.395143 , -0.04092588 , 0.3605444 , 2.313819 , 0.1917646 , 0.3663923 , 2.883016 , 0.3616842 , 0.2522819 , 2.79081 , 0.4078219 , 0.2993136 , 2.577359 , 0.3968791 , 0.3553706 , 2.487791 , -0.07338084 , -0.05631582 , 2.905862 , -0.1693783 , -0.6105585 , 2.991727 , -0.2301586 , -0.9986218 , 3.024102 , -0.2115515 , -1.057465 , 2.932288 , 0.08695856 , -0.05196245 , 2.944635 , 0.1453591 , -0.6277673 , 3.035556 , 0.1793032 , -1.026684 , 3.10743 , 0.1979103 , -1.085528 , 3.015616 , 
46 , 1535 , 0.00933593 , 0.0903095 , 2.898457 , 0.009582951 , 0.1636186 , 2.884748 , 0.01102459 , 0.5300456 , 2.832043 , 0.01175542 , 0.7019657 , 2.757057 , -0.1568816 , 0.4046855 , 2.804298 , -0.3175606 , 0.3062926 , 2.579737 , -0.1507235 , 0.4091608 , 2.452199 , -0.101253 , 0.4511654 , 2.407998 , 0.1928478 , 0.4328252 , 2.874495 , 0.3691133 , 0.3231377 , 2.779193 , 0.3948206 , 0.3980594 , 2.570646 , 0.3758736 , 0.4636923 , 2.48929 , -0.0701307 , 0.009944183 , 2.887704 , -0.1672653 , -0.5588568 , 3.007324 , -0.2375782 , -0.9958546 , 3.007927 , -0.2190568 , -1.054348 , 2.915869 , 0.0881831 , 0.009365869 , 2.928523 , 0.1400786 , -0.5842756 , 3.039344 , 0.1955037 , -1.021206 , 3.100094 , 0.2424393 , -1.110814 , 3.177255 , 
47 , 1568 , 0.005347359 , 0.1472912 , 2.886343 , 0.005235066 , 0.2195523 , 2.874364 , 0.004853215 , 0.5807721 , 2.830404 , 0.004476121 , 0.7545878 , 2.764672 , -0.1558968 , 0.4559087 , 2.795753 , -0.3087355 , 0.366131 , 2.575068 , -0.1234002 , 0.5111147 , 2.439177 , -0.1065948 , 0.5238933 , 2.439174 , 0.187738 , 0.4866882 , 2.862357 , 0.374092 , 0.3830122 , 2.783177 , 0.3848402 , 0.4744817 , 2.580397 , 0.3513771 , 0.5353499 , 2.532596 , -0.07849358 , 0.06701917 , 2.875355 , -0.168822 , -0.5184037 , 3.001881 , -0.2385009 , -0.9443654 , 2.991257 , -0.2206316 , -1.001879 , 2.89859 , 0.08936835 , 0.0696152 , 2.912699 , 0.1334785 , -0.5217229 , 3.036536 , 0.1826095 , -0.9315035 , 3.079662 , 0.2004788 , -0.9890171 , 2.986994 , 
48 , 1603 , 0.009620729 , 0.1944008 , 2.876562 , 0.008227978 , 0.2661716 , 2.865652 , 0.001674688 , 0.6257555 , 2.826819 , 0.00237274 , 0.7889309 , 2.764093 , -0.1610337 , 0.5080127 , 2.789306 , -0.3105016 , 0.4140148 , 2.574373 , -0.1334895 , 0.5416464 , 2.455738 , -0.107448 , 0.5733415 , 2.446197 , 0.1830371 , 0.528437 , 2.855404 , 0.3692032 , 0.4218518 , 2.773915 , 0.376852 , 0.5281389 , 2.578911 , 0.3458453 , 0.591661 , 2.53214 , -0.06972855 , 0.1171225 , 2.866928 , -0.1614129 , -0.468416 , 2.991874 , -0.2389633 , -0.9096911 , 2.987031 , -0.2215828 , -0.9664769 , 2.893989 , 0.09201875 , 0.1150794 , 2.899266 , 0.132646 , -0.4754963 , 3.027176 , 0.1693067 , -0.8909948 , 3.077782 , 0.1866872 , -0.9477807 , 2.98474 , 
49 , 1635 , 0.007985695 , 0.2175285 , 2.867658 , 0.00652156 , 0.2906322 , 2.856178 , -0.0005978714 , 0.6561626 , 2.814812 , 0.002521073 , 0.8182939 , 2.761063 , -0.1615217 , 0.5336167 , 2.785896 , -0.3147711 , 0.4257374 , 2.577294 , -0.1470564 , 0.5698579 , 2.468609 , -0.1071455 , 0.6014194 , 2.44993 , 0.1842717 , 0.5612705 , 2.84791 , 0.3590043 , 0.4492878 , 2.7874 , 0.3620482 , 0.5782185 , 2.563467 , 0.3408375 , 0.623499 , 2.524389 , -0.07078579 , 0.1381822 , 2.860368 , -0.1640837 , -0.4491137 , 2.977807 , -0.239295 , -0.8899572 , 2.981161 , -0.2229481 , -0.9468754 , 2.888184 , 0.08980379 , 0.1390612 , 2.888616 , 0.1373106 , -0.4508409 , 3.018358 , 0.1638177 , -0.8636321 , 3.083661 , 0.1926718 , -0.9513302 , 3.06766 , 
50 , 1668 , 0.01099703 , 0.253741 , 2.853896 , 0.008587985 , 0.3278267 , 2.842412 , -0.003695774 , 0.698736 , 2.801099 , -0.009622211 , 0.8614175 , 2.749294 , -0.1591127 , 0.5707251 , 2.780127 , -0.3172461 , 0.4339901 , 2.585969 , -0.1520971 , 0.5799907 , 2.464287 , -0.1144264 , 0.6184285 , 2.438591 , 0.1813017 , 0.6092579 , 2.829723 , 0.3576926 , 0.4632924 , 2.773237 , 0.3631423 , 0.5795718 , 2.562042 , 0.3458195 , 0.6332822 , 2.516802 , -0.06392 , 0.1767579 , 2.849056 , -0.1679838 , -0.4157723 , 2.931479 , -0.2322349 , -0.8575843 , 2.939537 , -0.237837 , -0.9415045 , 2.898467 , 0.09122247 , 0.1795713 , 2.870593 , 0.1395307 , -0.4114602 , 2.996548 , 0.1686478 , -0.8475227 , 3.067292 , 0.2055434 , -0.9301343 , 3.043319 , 
51 , 1735 , 0.01082904 , 0.2555272 , 2.852599 , 0.008647381 , 0.3296133 , 2.841188 , -0.002342099 , 0.7006779 , 2.800168 , -0.01180178 , 0.8636757 , 2.7466 , -0.1587911 , 0.571155 , 2.779385 , -0.3175946 , 0.4352855 , 2.587961 , -0.1609471 , 0.576647 , 2.459382 , -0.1217115 , 0.6141016 , 2.43222 , 0.1812527 , 0.6102261 , 2.82953 , 0.3464493 , 0.4685779 , 2.775848 , 0.3634291 , 0.5795922 , 2.552602 , 0.3465188 , 0.633032 , 2.509171 , -0.06417099 , 0.1782323 , 2.848038 , -0.1685968 , -0.4154573 , 2.924484 , -0.2313858 , -0.8583337 , 2.931576 , -0.2372371 , -0.9393321 , 2.885262 , 0.09067768 , 0.1808572 , 2.869438 , 0.1425297 , -0.410991 , 2.991825 , 0.1764928 , -0.8513632 , 3.062129 , 0.212655 , -0.9340917 , 3.037875 , 
52 , 1768 , 0.01097585 , 0.2561468 , 2.850167 , 0.008947526 , 0.3300249 , 2.838937 , -0.001274787 , 0.7000725 , 2.798469 , -0.01103273 , 0.8618949 , 2.745227 , -0.1654821 , 0.5801488 , 2.782838 , -0.3148579 , 0.4309234 , 2.587509 , -0.1657695 , 0.5575582 , 2.4424 , -0.1344602 , 0.5861966 , 2.40808 , 0.1816619 , 0.6097637 , 2.828893 , 0.3429341 , 0.4689237 , 2.774717 , 0.362857 , 0.5633265 , 2.539129 , 0.3467359 , 0.6109487 , 2.492731 , -0.06475013 , 0.1780056 , 2.846282 , -0.1711246 , -0.4186886 , 2.899871 , -0.2306437 , -0.8894811 , 2.880953 , -0.2187199 , -0.9460327 , 2.787512 , 0.09131534 , 0.1802508 , 2.866607 , 0.1467759 , -0.4136385 , 2.97979 , 0.1901988 , -0.8675326 , 3.048007 , 0.2281437 , -0.9480814 , 3.019833 , 
53 , 1803 , 0.01205186 , 0.2462982 , 2.84439 , 0.01053582 , 0.3197767 , 2.833708 , 0.003438169 , 0.6862056 , 2.796242 , -0.007136063 , 0.8500851 , 2.743247 , -0.169374 , 0.5707193 , 2.783841 , -0.3065774 , 0.3950147 , 2.590784 , -0.1502489 , 0.5297492 , 2.406193 , -0.1370649 , 0.5488318 , 2.394951 , 0.1841318 , 0.5937383 , 2.822643 , 0.3392728 , 0.449278 , 2.769542 , 0.3724774 , 0.4914464 , 2.552537 , 0.3457966 , 0.5659354 , 2.477262 , -0.06657626 , 0.1650256 , 2.840049 , -0.1709023 , -0.4329778 , 2.884237 , -0.230319 , -0.8930734 , 2.87896 , -0.2402821 , -0.9737434 , 2.833166 , 0.09454438 , 0.1650076 , 2.858278 , 0.1537115 , -0.4300917 , 2.963706 , 0.2002626 , -0.8913527 , 3.027095 , 0.2352783 , -0.9713905 , 2.994356 , 
54 , 1835 , 0.01519387 , 0.1952421 , 2.835565 , 0.01331077 , 0.2691569 , 2.825734 , 0.003912153 , 0.6409686 , 2.793127 , -0.001499562 , 0.7989184 , 2.73975 , -0.1672594 , 0.5177687 , 2.786796 , -0.3013141 , 0.3576978 , 2.592505 , -0.1455376 , 0.5045432 , 2.392031 , -0.1008021 , 0.5490634 , 2.346195 , 0.1838246 , 0.5547591 , 2.817474 , 0.3386866 , 0.4155766 , 2.761705 , 0.3633496 , 0.463928 , 2.531606 , 0.3484491 , 0.5150962 , 2.470613 , -0.06536729 , 0.114629 , 2.831676 , -0.1768827 , -0.4819335 , 2.880524 , -0.2343499 , -0.9471059 , 2.863379 , -0.2268112 , -1.002779 , 2.769184 , 0.09969582 , 0.1177873 , 2.849938 , 0.1618152 , -0.4785859 , 2.948971 , 0.2118436 , -0.9266798 , 3.013279 , 0.253531 , -1.020124 , 2.961293 , 
55 , 1868 , 0.01187065 , 0.09756637 , 2.831977 , 0.01273743 , 0.1711935 , 2.822297 , 0.01710064 , 0.5393043 , 2.790331 , -0.006800166 , 0.7086471 , 2.73164 , -0.1637587 , 0.4501449 , 2.786749 , -0.3021089 , 0.2500432 , 2.612387 , -0.1863191 , 0.3217772 , 2.403667 , -0.1445675 , 0.3510303 , 2.34463 , 0.1923245 , 0.4420373 , 2.814085 , 0.3464409 , 0.2898283 , 2.758392 , 0.3491991 , 0.373872 , 2.472929 , 0.3248186 , 0.4347622 , 2.430711 , -0.06773662 , 0.02091622 , 2.828369 , -0.1699751 , -0.5802453 , 2.842185 , -0.2186087 , -1.031957 , 2.860839 , -0.212878 , -1.087655 , 2.766585 , 0.08957379 , 0.01338795 , 2.845738 , 0.1725207 , -0.5841221 , 2.925301 , 0.2250221 , -1.028857 , 3.007969 , 0.2307528 , -1.084555 , 2.913715 , 
56 , 1935 , 0.01122191 , 0.03264534 , 2.831143 , 0.01125435 , 0.1055993 , 2.820802 , 0.01144922 , 0.4703439 , 2.785571 , 0.004148391 , 0.6557975 , 2.726159 , -0.1673324 , 0.3729355 , 2.780356 , -0.3335446 , 0.2459169 , 2.732415 , -0.2345923 , 0.199557 , 2.456045 , -0.1836462 , 0.2363815 , 2.382685 , 0.1906746 , 0.3743918 , 2.813742 , 0.3417858 , 0.2282875 , 2.782609 , 0.3645663 , 0.2338087 , 2.559922 , 0.3445665 , 0.2956455 , 2.465831 , -0.06831911 , -0.04618855 , 2.828903 , -0.1674475 , -0.6200866 , 2.832619 , -0.2153874 , -1.032305 , 2.856801 , -0.207891 , -1.088356 , 2.762867 , 0.09067909 , -0.04997907 , 2.845116 , 0.1802907 , -0.6336114 , 2.917836 , 0.2374994 , -1.04818 , 2.996885 , 0.2542093 , -1.131954 , 2.959627 , 
57 , 1968 , 0.01252068 , -0.04183446 , 2.831242 , 0.01248094 , 0.03046966 , 2.820904 , 0.01231167 , 0.3919672 , 2.785724 , 0.001696859 , 0.5811704 , 2.733967 , -0.1689183 , 0.2813345 , 2.780318 , -0.3295661 , 0.146108 , 2.745838 , -0.2473498 , 0.09668215 , 2.464471 , -0.2070866 , 0.1322389 , 2.40788 , 0.1927151 , 0.2918972 , 2.813345 , 0.3330562 , 0.1363011 , 2.801941 , 0.3475643 , 0.1751055 , 2.506934 , 0.3346299 , 0.2239265 , 2.44746 , -0.06969475 , -0.1236287 , 2.828336 , -0.1557742 , -0.6392624 , 2.803012 , -0.2086709 , -1.039565 , 2.855546 , -0.2060229 , -1.129238 , 2.83029 , 0.09481478 , -0.1233207 , 2.846099 , 0.1802969 , -0.6477228 , 2.87939 , 0.228576 , -1.058805 , 2.982487 , 0.2360642 , -1.114874 , 2.888558 , 
58 , 2003 , 0.01512696 , -0.1134598 , 2.841311 , 0.01567243 , -0.04327052 , 2.829849 , 0.01843603 , 0.3076501 , 2.789083 , 0.003351016 , 0.4939691 , 2.738983 , -0.1682442 , 0.1961357 , 2.772872 , -0.2925457 , 0.03589347 , 2.691147 , -0.2707785 , -0.01868117 , 2.475717 , -0.216105 , 0.006371841 , 2.388976 , 0.196658 , 0.2027495 , 2.819195 , 0.3349639 , 0.04495187 , 2.801816 , 0.3719186 , 0.01529803 , 2.583415 , 0.3599902 , 0.0771563 , 2.469566 , -0.0699242 , -0.1958731 , 2.838013 , -0.1389604 , -0.654601 , 2.773983 , -0.2055845 , -1.045809 , 2.848386 , -0.1947499 , -1.102642 , 2.755252 , 0.09888206 , -0.1959805 , 2.859674 , 0.1808596 , -0.6624501 , 2.839045 , 0.2204653 , -1.067737 , 2.958586 , 0.2407096 , -1.157329 , 2.942809 , 
59 , 2035 , 0.01410177 , -0.1607043 , 2.847958 , 0.01440417 , -0.09335584 , 2.834119 , 0.01607681 , 0.2489257 , 2.780709 , 0.001912 , 0.4315942 , 2.720516 , -0.1703391 , 0.1402601 , 2.774295 , -0.2941795 , -0.02872825 , 2.733538 , -0.3010689 , -0.1184307 , 2.53007 , -0.2302859 , -0.1288763 , 2.3897 , 0.1994688 , 0.1479295 , 2.831625 , 0.3231081 , -0.02044176 , 2.825749 , 0.3585874 , -0.0466692 , 2.606718 , 0.3609061 , -0.03523089 , 2.464788 , -0.07060649 , -0.2452589 , 2.846852 , -0.126342 , -0.6825685 , 2.73781 , -0.1834196 , -1.023021 , 2.776673 , -0.1699504 , -1.081362 , 2.68495 , 0.09794968 , -0.2452009 , 2.871165 , 0.1872971 , -0.685442 , 2.817038 , 0.2329006 , -1.066791 , 2.916307 , 0.2463697 , -1.125132 , 2.824584 , 
60 , 2068 , 0.01179165 , -0.2298596 , 2.846932 , 0.01033955 , -0.1633956 , 2.83058 , 0.003116643 , 0.1688868 , 2.765413 , -0.003755901 , 0.3427553 , 2.691814 , -0.1698297 , 0.07260612 , 2.761432 , -0.278185 , -0.1271759 , 2.749763 , -0.2677827 , -0.3031737 , 2.525108 , -0.250042 , -0.3758117 , 2.452308 , 0.1878083 , 0.08631721 , 2.81891 , 0.294635 , -0.09399624 , 2.840137 , 0.3650066 , -0.2349087 , 2.687621 , 0.3749852 , -0.2670465 , 2.52435 , -0.06813325 , -0.3119528 , 2.849297 , -0.1269787 , -0.7384748 , 2.70211 , -0.1884711 , -1.026411 , 2.784371 , -0.1742618 , -1.08618 , 2.693743 , 0.0952067 , -0.3081915 , 2.871828 , 0.1944462 , -0.7427714 , 2.791146 , 0.2296421 , -1.026076 , 2.865609 , 0.2438514 , -1.085845 , 2.774981 , 
61 , 2135 , 0.01118678 , -0.2327638 , 2.846025 , 0.00964634 , -0.1665742 , 2.829419 , 0.001866615 , 0.1640705 , 2.762638 , -0.002475297 , 0.3371519 , 2.68892 , -0.1713715 , 0.06857268 , 2.760687 , -0.278503 , -0.1768977 , 2.748006 , -0.2844337 , -0.3905152 , 2.571333 , -0.2718522 , -0.4687432 , 2.527989 , 0.1868806 , 0.08293463 , 2.81688 , 0.3019389 , -0.1609736 , 2.839604 , 0.3693187 , -0.3088764 , 2.666547 , 0.3885305 , -0.3831602 , 2.559127 , -0.06857993 , -0.3154628 , 2.84858 , -0.1270047 , -0.7419117 , 2.701955 , -0.2048843 , -1.08459 , 2.758121 , -0.1910059 , -1.144564 , 2.667624 , 0.09460288 , -0.3106703 , 2.871263 , 0.1944967 , -0.7444818 , 2.78855 , 0.2466767 , -1.091533 , 2.846655 , 0.2605551 , -1.151507 , 2.756159 , 
62 , 2168 , 0.01083462 , -0.235265 , 2.845662 , 0.009267956 , -0.1697716 , 2.828635 , 0.001471117 , 0.1560066 , 2.758442 , -0.0009023015 , 0.3196734 , 2.682096 , -0.1728786 , 0.06501795 , 2.758407 , -0.2792654 , -0.18278 , 2.754763 , -0.2973706 , -0.4354753 , 2.631695 , -0.2953071 , -0.5262184 , 2.601779 , 0.1865218 , 0.08053666 , 2.815236 , 0.3012165 , -0.1696832 , 2.84027 , 0.3740822 , -0.3821217 , 2.694371 , 0.3895219 , -0.4603072 , 2.640981 , -0.06871873 , -0.3181004 , 2.848749 , -0.1285243 , -0.7461593 , 2.709094 , -0.2057367 , -1.089855 , 2.761065 , -0.1916952 , -1.150331 , 2.670967 , 0.09399666 , -0.3134076 , 2.871404 , 0.1952308 , -0.7464684 , 2.78785 , 0.2430981 , -1.092897 , 2.850409 , 0.2571396 , -1.153373 , 2.760312 , 
63 , 2203 , 0.0107426 , -0.2357368 , 2.845584 , 0.009090063 , -0.1704215 , 2.828285 , 0.000371205 , 0.1543394 , 2.755348 , -0.002325973 , 0.318498 , 2.677729 , -0.1737235 , 0.06378447 , 2.754983 , -0.2854131 , -0.1928292 , 2.765785 , -0.3103834 , -0.4438303 , 2.693817 , -0.3151551 , -0.5387183 , 2.689248 , 0.18563 , 0.07967841 , 2.811436 , 0.3004879 , -0.1739031 , 2.842067 , 0.3765253 , -0.4252282 , 2.745615 , 0.3886545 , -0.5144774 , 2.732918 , -0.06852108 , -0.318617 , 2.848881 , -0.1316753 , -0.7474949 , 2.714803 , -0.2063636 , -1.091538 , 2.767195 , -0.1923879 , -1.152388 , 2.677266 , 0.09375831 , -0.3138327 , 2.871723 , 0.1954217 , -0.7465093 , 2.788269 , 0.2235562 , -1.029933 , 2.867593 , 0.2375319 , -1.090782 , 2.777663 , 
64 , 2235 , 0.01088297 , -0.2350705 , 2.845809 , 0.009161131 , -0.1699741 , 2.828161 , 0.0001072851 , 0.154854 , 2.751638 , -0.002284626 , 0.3169553 , 2.673525 , -0.1742886 , 0.06523196 , 2.752021 , -0.2866899 , -0.1909294 , 2.776458 , -0.3230495 , -0.4358489 , 2.754734 , -0.3148115 , -0.5333285 , 2.761563 , 0.1853997 , 0.0811085 , 2.809607 , 0.2984061 , -0.1728784 , 2.842763 , 0.3773083 , -0.4366594 , 2.809418 , 0.3856188 , -0.5142624 , 2.810985 , -0.06811762 , -0.317617 , 2.85009 , -0.136947 , -0.7464623 , 2.720085 , -0.2048223 , -1.090838 , 2.776585 , -0.190581 , -1.152095 , 2.687021 , 0.09403622 , -0.3125461 , 2.872762 , 0.1956002 , -0.7453722 , 2.791878 , 0.2223782 , -1.030372 , 2.871035 , 0.2366195 , -1.091628 , 2.781471 , 
65 , 2268 , 0.01132301 , -0.2252468 , 2.846413 , 0.009859098 , -0.1609306 , 2.827495 , 0.002366211 , 0.1621538 , 2.746884 , -0.002730435 , 0.3245015 , 2.665751 , -0.1762408 , 0.07536951 , 2.747983 , -0.2900029 , -0.1606734 , 2.803512 , -0.3360832 , -0.4034533 , 2.794884 , -0.3344763 , -0.4919561 , 2.81143 , 0.1847327 , 0.09012654 , 2.805556 , 0.2895588 , -0.1642066 , 2.851349 , 0.3690282 , -0.4103755 , 2.837431 , 0.3808148 , -0.48379 , 2.861103 , -0.0678615 , -0.3079145 , 2.852255 , -0.1414748 , -0.7371432 , 2.727716 , -0.1939053 , -1.02359 , 2.794009 , -0.1797906 , -1.085519 , 2.704947 , 0.09400813 , -0.3024459 , 2.875213 , 0.1948923 , -0.7360539 , 2.800334 , 0.2187579 , -1.03526 , 2.88379 , 0.2328726 , -1.097189 , 2.794728 , 
66 , 2303 , 0.009766042 , -0.2104419 , 2.846759 , 0.008394767 , -0.1457538 , 2.82669 , 0.001524471 , 0.1782463 , 2.741521 , -0.00265565 , 0.336724 , 2.657757 , -0.1774673 , 0.08988571 , 2.74628 , -0.2935061 , -0.1491525 , 2.821576 , -0.3390205 , -0.389677 , 2.821367 , -0.339628 , -0.4673308 , 2.857901 , 0.1851038 , 0.1036039 , 2.801948 , 0.2822674 , -0.1462307 , 2.870919 , 0.3662005 , -0.3921043 , 2.877897 , 0.375143 , -0.4752127 , 2.890595 , -0.06974479 , -0.2933388 , 2.854229 , -0.141122 , -0.7247988 , 2.738184 , -0.1954369 , -1.025139 , 2.800045 , -0.1819326 , -1.087679 , 2.71138 , 0.09259787 , -0.2881112 , 2.876625 , 0.1922155 , -0.7229707 , 2.811004 , 0.2193883 , -1.03531 , 2.884019 , 0.2328927 , -1.097849 , 2.795354 , 
67 , 2335 , 0.009469224 , -0.1905391 , 2.849125 , 0.008356994 , -0.1266819 , 2.828092 , 0.002630633 , 0.1932935 , 2.739559 , -0.002733699 , 0.3500447 , 2.654557 , -0.1818021 , 0.1059339 , 2.749058 , -0.2948966 , -0.1321267 , 2.830222 , -0.341775 , -0.3704432 , 2.841094 , -0.3428162 , -0.4552032 , 2.861736 , 0.1853089 , 0.1160523 , 2.802061 , 0.2785988 , -0.1226806 , 2.899427 , 0.3682103 , -0.3847856 , 2.904221 , 0.3770703 , -0.4572779 , 2.931544 , -0.07138494 , -0.2755244 , 2.858689 , -0.1409818 , -0.7080274 , 2.746835 , -0.195423 , -1.025723 , 2.801592 , -0.1829793 , -1.088909 , 2.713293 , 0.09315683 , -0.2683957 , 2.879552 , 0.1893665 , -0.7044479 , 2.819652 , 0.2195584 , -1.038951 , 2.893125 , 0.2320021 , -1.102137 , 2.804826 , 
68 , 2368 , 0.007871759 , -0.178455 , 2.850681 , 0.00674407 , -0.1145274 , 2.829618 , 0.001075192 , 0.2050989 , 2.740929 , -0.002366522 , 0.3624452 , 2.659123 , -0.1831033 , 0.1200651 , 2.750284 , -0.2993284 , -0.1099332 , 2.845195 , -0.345672 , -0.3459329 , 2.860929 , -0.3422825 , -0.4301444 , 2.894097 , 0.1827885 , 0.1416071 , 2.801496 , 0.2722784 , -0.096541 , 2.903132 , 0.3707708 , -0.3613052 , 2.927629 , 0.378251 , -0.4522249 , 2.936154 , -0.07320978 , -0.2630084 , 2.859609 , -0.1423546 , -0.6967167 , 2.753788 , -0.1985982 , -1.030965 , 2.812658 , -0.1858653 , -1.094137 , 2.724475 , 0.0917277 , -0.2556064 , 2.882124 , 0.1870837 , -0.6920977 , 2.826606 , 0.2255227 , -1.040637 , 2.898489 , 0.2382555 , -1.103809 , 2.810307 , 
69 , 2403 , 0.005776633 , -0.1696103 , 2.85048 , 0.004804611 , -0.1047101 , 2.829667 , 0.0002859154 , 0.2208344 , 2.742671 , -0.009024361 , 0.3810773 , 2.658373 , -0.1842372 , 0.1310677 , 2.752089 , -0.298765 , -0.09971988 , 2.847507 , -0.3488555 , -0.3384586 , 2.860128 , -0.3437918 , -0.4256757 , 2.890947 , 0.1808458 , 0.1493738 , 2.803817 , 0.2736657 , -0.08243248 , 2.91472 , 0.3669669 , -0.3506424 , 2.927738 , 0.3799405 , -0.4443179 , 2.937028 , -0.075348 , -0.2534046 , 2.858255 , -0.1437806 , -0.6886643 , 2.760427 , -0.1967201 , -1.030775 , 2.814464 , -0.18404 , -1.093511 , 2.726058 , 0.08898831 , -0.2470026 , 2.882088 , 0.1848631 , -0.6837788 , 2.83314 , 0.2262479 , -1.041353 , 2.899902 , 0.238928 , -1.104089 , 2.811497 , 
70 , 2435 , 0.003726969 , -0.1610777 , 2.850482 , 0.00309217 , -0.09593344 , 2.830221 , 0.000223089 , 0.2306249 , 2.746077 , -0.005638525 , 0.3883995 , 2.662946 , -0.1839817 , 0.1386039 , 2.754021 , -0.3009451 , -0.08984374 , 2.851904 , -0.3522773 , -0.3275525 , 2.860927 , -0.3477128 , -0.4136217 , 2.886245 , 0.1808592 , 0.1565508 , 2.807853 , 0.2725237 , -0.07606794 , 2.918519 , 0.3689888 , -0.3435287 , 2.929562 , 0.3818867 , -0.4379715 , 2.937889 , -0.07822208 , -0.2441283 , 2.856202 , -0.1447195 , -0.6807901 , 2.76521 , -0.1964485 , -1.028997 , 2.813419 , -0.1832787 , -1.091295 , 2.724879 , 0.08704811 , -0.2400909 , 2.882565 , 0.1826663 , -0.6771736 , 2.839168 , 0.2261044 , -1.04093 , 2.900508 , 0.2392742 , -1.103228 , 2.811968 , 
71 , 2468 , 0.002385965 , -0.155667 , 2.851172 , 0.002065882 , -0.09064734 , 2.831478 , 0.0006622475 , 0.2356743 , 2.750455 , -0.004068818 , 0.3917784 , 2.664968 , -0.1830194 , 0.1437372 , 2.755834 , -0.3010153 , -0.08573717 , 2.851234 , -0.3534969 , -0.3244756 , 2.858392 , -0.34984 , -0.4116644 , 2.881903 , 0.1800382 , 0.1676852 , 2.81418 , 0.2715963 , -0.06818783 , 2.919639 , 0.3757061 , -0.3328717 , 2.931522 , 0.3873386 , -0.4307753 , 2.931972 , -0.07974602 , -0.2390272 , 2.855432 , -0.1462462 , -0.6766324 , 2.77094 , -0.1962026 , -1.028256 , 2.812925 , -0.1815405 , -1.090119 , 2.724416 , 0.08509485 , -0.2339773 , 2.883368 , 0.1779407 , -0.6718826 , 2.846264 , 0.2259202 , -1.0404 , 2.900845 , 0.2405823 , -1.102264 , 2.812335 , 
72 , 2503 , 0.0008149509 , -0.1492416 , 2.85267 , 0.0006068174 , -0.08385017 , 2.833753 , -0.00015434 , 0.244161 , 2.757284 , -0.003711639 , 0.3993641 , 2.668984 , -0.1841636 , 0.150535 , 2.760205 , -0.300638 , -0.08302011 , 2.849619 , -0.3549029 , -0.3329943 , 2.852277 , -0.3498601 , -0.417646 , 2.864743 , 0.1799114 , 0.1716594 , 2.818045 , 0.2720011 , -0.06514078 , 2.921861 , 0.3822833 , -0.3249805 , 2.930147 , 0.3962193 , -0.4283223 , 2.927194 , -0.08079543 , -0.2328833 , 2.857279 , -0.1452621 , -0.6710867 , 2.775702 , -0.1952394 , -1.028829 , 2.813666 , -0.1809236 , -1.090016 , 2.724744 , 0.08277616 , -0.2281373 , 2.882786 , 0.175393 , -0.6660861 , 2.848947 , 0.2239827 , -1.042119 , 2.905403 , 0.2382984 , -1.103306 , 2.816481 , 
73 , 2535 , 0.0001615713 , -0.1473325 , 2.853683 , -0.0001162986 , -0.0814498 , 2.835323 , -0.001198356 , 0.2492073 , 2.762427 , -0.001513192 , 0.4071718 , 2.677728 , -0.1843196 , 0.1533839 , 2.762429 , -0.3017018 , -0.08257546 , 2.846399 , -0.3528851 , -0.3359802 , 2.834727 , -0.350674 , -0.4219638 , 2.842735 , 0.1800425 , 0.1746529 , 2.821968 , 0.2742254 , -0.06255522 , 2.923939 , 0.3848136 , -0.3091955 , 2.928345 , 0.4074315 , -0.4110598 , 2.912789 , -0.08153288 , -0.2311445 , 2.857805 , -0.143961 , -0.6701725 , 2.780833 , -0.1934054 , -1.029401 , 2.813027 , -0.1787017 , -1.090009 , 2.723877 , 0.0823376 , -0.2267295 , 2.883162 , 0.1730315 , -0.6650451 , 2.852207 , 0.2235139 , -1.041994 , 2.906385 , 0.2382176 , -1.102603 , 2.817235 , 
74 , 2568 , -0.001110781 , -0.1456043 , 2.854743 , -0.001295076 , -0.07931097 , 2.836998 , -0.001307797 , 0.2537799 , 2.768099 , -0.00133955 , 0.4088821 , 2.680007 , -0.1840398 , 0.1588822 , 2.766227 , -0.301142 , -0.0825814 , 2.838495 , -0.348559 , -0.3460582 , 2.784774 , -0.3461582 , -0.4277572 , 2.792431 , 0.1797145 , 0.1767614 , 2.824922 , 0.276526 , -0.06080854 , 2.924662 , 0.3861359 , -0.2974315 , 2.919251 , 0.4093731 , -0.3988394 , 2.901456 , -0.08335559 , -0.2287043 , 2.858632 , -0.1439061 , -0.6680642 , 2.783195 , -0.1932113 , -1.029628 , 2.813352 , -0.1788701 , -1.089658 , 2.723859 , 0.08109453 , -0.2254147 , 2.883195 , 0.1715662 , -0.6636882 , 2.853877 , 0.2226576 , -1.041966 , 2.907754 , 0.2369989 , -1.101997 , 2.818261 , 
75 , 2603 , -0.002390449 , -0.1439886 , 2.855851 , -0.002669342 , -0.07731372 , 2.838704 , -0.003131404 , 0.2573784 , 2.772782 , -0.00111564 , 0.4120331 , 2.68494 , -0.1838206 , 0.1628014 , 2.769923 , -0.2973539 , -0.08760095 , 2.822738 , -0.3433557 , -0.3492619 , 2.77271 , -0.3417589 , -0.429951 , 2.765033 , 0.1793536 , 0.1795825 , 2.829691 , 0.2784878 , -0.05938767 , 2.925297 , 0.3918377 , -0.2975729 , 2.903551 , 0.4177848 , -0.3941023 , 2.869588 , -0.08462314 , -0.2267269 , 2.85951 , -0.1432229 , -0.666398 , 2.785465 , -0.1929656 , -1.031413 , 2.815921 , -0.225346 , -1.118086 , 2.891036 , 0.07991896 , -0.2241576 , 2.88321 , 0.1709043 , -0.6630748 , 2.85524 , 0.2227539 , -1.04126 , 2.907068 , 0.2373271 , -1.10084 , 2.817364 , 
76 , 2635 , -0.002764854 , -0.1424834 , 2.856936 , -0.003044217 , -0.07539412 , 2.84025 , -0.003566317 , 0.2610198 , 2.776106 , -0.001311417 , 0.417466 , 2.689694 , -0.1831568 , 0.1666844 , 2.773985 , -0.2958623 , -0.08809523 , 2.811482 , -0.3329457 , -0.3391958 , 2.746824 , -0.3258318 , -0.4231222 , 2.713847 , 0.1795807 , 0.1817092 , 2.832936 , 0.2811712 , -0.05838567 , 2.924652 , 0.3972014 , -0.3055462 , 2.866678 , 0.4210922 , -0.4020662 , 2.842296 , -0.08495187 , -0.225272 , 2.860133 , -0.1433452 , -0.6648991 , 2.786612 , -0.1937208 , -1.034026 , 2.818559 , -0.225679 , -1.117992 , 2.890989 , 0.07958103 , -0.2228558 , 2.883625 , 0.1706681 , -0.6632512 , 2.856111 , 0.2215572 , -1.042402 , 2.908846 , 0.2358633 , -1.101683 , 2.818961 , 
77 , 2668 , -0.003097593 , -0.1408074 , 2.85877 , -0.003333408 , -0.07342856 , 2.842572 , -0.00371231 , 0.2639723 , 2.780179 , -0.001946842 , 0.4223438 , 2.693495 , -0.1828782 , 0.1682716 , 2.776536 , -0.292773 , -0.08201097 , 2.801491 , -0.3289185 , -0.3312624 , 2.72712 , -0.3171337 , -0.4118838 , 2.684151 , 0.180181 , 0.1836214 , 2.837395 , 0.2832342 , -0.0584408 , 2.924082 , 0.3945633 , -0.2932113 , 2.866689 , 0.4196233 , -0.3914214 , 2.836905 , -0.08532251 , -0.2238112 , 2.861259 , -0.1434504 , -0.6635496 , 2.789328 , -0.1945729 , -1.03394 , 2.818085 , -0.2264087 , -1.118625 , 2.88989 , 0.07933548 , -0.2215101 , 2.884722 , 0.1705321 , -0.6637723 , 2.857087 , 0.2222836 , -1.042034 , 2.908952 , 0.2370585 , -1.101041 , 2.819014 , 
78 , 2703 , -0.003487394 , -0.1397938 , 2.860355 , -0.003630541 , -0.07227856 , 2.84443 , -0.003548265 , 0.265609 , 2.782894 , -0.0005246567 , 0.4256434 , 2.70057 , -0.1822687 , 0.1692551 , 2.778251 , -0.2918695 , -0.07708061 , 2.796707 , -0.3103013 , -0.3297615 , 2.679134 , -0.3045228 , -0.4097569 , 2.656862 , 0.18103 , 0.1849633 , 2.840141 , 0.2849356 , -0.05866671 , 2.922973 , 0.3933421 , -0.2880554 , 2.864625 , 0.4162319 , -0.3802297 , 2.818271 , -0.0857641 , -0.2230495 , 2.862101 , -0.1435484 , -0.6626637 , 2.789929 , -0.194583 , -1.03392 , 2.818269 , -0.2256929 , -1.117875 , 2.887506 , 0.07892398 , -0.2204683 , 2.886121 , 0.1705993 , -0.6640282 , 2.859437 , 0.2225033 , -1.04143 , 2.909206 , 0.2375318 , -1.100297 , 2.819272 , 
79 , 2735 , -0.004228164 , -0.1388812 , 2.861927 , -0.004079014 , -0.07124003 , 2.846206 , -0.002227608 , 0.2675471 , 2.785904 , 0.000111045 , 0.426434 , 2.702769 , -0.1822586 , 0.1715222 , 2.781612 , -0.2901663 , -0.0728545 , 2.792854 , -0.3054926 , -0.319286 , 2.666749 , -0.2916144 , -0.3983146 , 2.62536 , 0.1817099 , 0.1860699 , 2.843058 , 0.2866001 , -0.05897921 , 2.922049 , 0.3943777 , -0.2869014 , 2.850955 , 0.4167865 , -0.3805778 , 2.807341 , -0.08699824 , -0.2220487 , 2.863686 , -0.1435058 , -0.6616921 , 2.791509 , -0.1945125 , -1.034814 , 2.820662 , -0.2258916 , -1.119818 , 2.890967 , 0.07803944 , -0.2197719 , 2.887033 , 0.1706225 , -0.6644015 , 2.860413 , 0.2286235 , -1.053191 , 2.918978 , 0.278617 , -1.139286 , 2.984894 , 
80 , 2768 , -0.004677254 , -0.1378947 , 2.863297 , -0.004300758 , -0.07002835 , 2.847787 , -0.001056702 , 0.2701148 , 2.788428 , -0.0001497988 , 0.431678 , 2.707004 , -0.1818199 , 0.1744824 , 2.783837 , -0.2897888 , -0.06976341 , 2.786868 , -0.3013139 , -0.3098646 , 2.659709 , -0.2851148 , -0.3919591 , 2.616659 , 0.1815504 , 0.1866736 , 2.844468 , 0.2870018 , -0.05893105 , 2.921927 , 0.3933665 , -0.2878875 , 2.842881 , 0.4136313 , -0.378812 , 2.792727 , -0.08763469 , -0.2209639 , 2.864617 , -0.1432904 , -0.6605816 , 2.79239 , -0.1964628 , -1.035691 , 2.822337 , -0.2257067 , -1.121034 , 2.890549 , 0.07724284 , -0.2186577 , 2.888281 , 0.1704226 , -0.6643606 , 2.861323 , 0.2274138 , -1.050811 , 2.917881 , 0.258624 , -1.126887 , 2.979413 , 
81 , 2803 , -0.005302811 , -0.1371342 , 2.864083 , -0.00473201 , -0.06923468 , 2.848663 , -0.0006945254 , 0.2710488 , 2.78966 , -0.0002329106 , 0.4374904 , 2.709962 , -0.1814802 , 0.1764069 , 2.78556 , -0.2883949 , -0.06368898 , 2.78681 , -0.295484 , -0.2947521 , 2.65232 , -0.2791316 , -0.3809691 , 2.602479 , 0.1815718 , 0.1868591 , 2.846101 , 0.2879598 , -0.05928199 , 2.92162 , 0.3916216 , -0.2863436 , 2.836737 , 0.4092444 , -0.3729231 , 2.778381 , -0.08853521 , -0.2199283 , 2.865087 , -0.1427373 , -0.6596948 , 2.793561 , -0.1964148 , -1.035788 , 2.822487 , -0.2268734 , -1.122252 , 2.893123 , 0.07636168 , -0.2179602 , 2.889014 , 0.1706295 , -0.6647835 , 2.862767 , 0.2282269 , -1.048652 , 2.916611 , 0.2427277 , -1.107238 , 2.82643 , 
82 , 2835 , -0.005405822 , -0.1362627 , 2.864856 , -0.004781108 , -0.06839629 , 2.849643 , -0.0006236792 , 0.2714607 , 2.791677 , 0.000444429 , 0.437354 , 2.711648 , -0.181217 , 0.1777637 , 2.786885 , -0.2865489 , -0.05560433 , 2.784198 , -0.2912138 , -0.2890163 , 2.646338 , -0.271463 , -0.3739229 , 2.591454 , 0.1820215 , 0.1874939 , 2.848319 , 0.2884839 , -0.05942209 , 2.922142 , 0.3895509 , -0.2826542 , 2.834231 , 0.4067484 , -0.3697372 , 2.776316 , -0.08876159 , -0.2191243 , 2.865359 , -0.1424375 , -0.6588827 , 2.794194 , -0.1954607 , -1.035078 , 2.821826 , -0.2267617 , -1.121647 , 2.893125 , 0.0763137 , -0.2173256 , 2.889654 , 0.1707067 , -0.6648386 , 2.863459 , 0.2284088 , -1.041559 , 2.91047 , 0.2430969 , -1.100017 , 2.820267 , 
83 , 2871 , -0.00519865 , -0.1357113 , 2.865596 , -0.004551443 , -0.06786545 , 2.850431 , -0.0004663586 , 0.2717306 , 2.792354 , 0.0008119124 , 0.435641 , 2.714972 , -0.1807937 , 0.1791432 , 2.788647 , -0.2865933 , -0.04704481 , 2.782454 , -0.2840842 , -0.2801939 , 2.640863 , -0.2661654 , -0.3670957 , 2.584038 , 0.1819679 , 0.188189 , 2.850159 , 0.2885045 , -0.05944939 , 2.922352 , 0.3885124 , -0.2823406 , 2.832214 , 0.4054062 , -0.3701394 , 2.775108 , -0.08860158 , -0.2186579 , 2.865693 , -0.1422432 , -0.6583613 , 2.795007 , -0.1957269 , -1.035315 , 2.822491 , -0.2264796 , -1.121723 , 2.891593 , 0.07652669 , -0.2165827 , 2.890632 , 0.1705224 , -0.6651859 , 2.864175 , 0.2273593 , -1.046174 , 2.914098 , 0.242059 , -1.10463 , 2.823922 , 
84 , 2903 , -0.005479797 , -0.1351308 , 2.866477 , -0.004949543 , -0.06726976 , 2.851553 , -0.001918259 , 0.2721929 , 2.794889 , 0.0004415843 , 0.4359058 , 2.716579 , -0.1809277 , 0.1796648 , 2.789621 , -0.286012 , -0.04587746 , 2.782242 , -0.2813589 , -0.2731568 , 2.639586 , -0.264803 , -0.3628037 , 2.585116 , 0.181888 , 0.1889528 , 2.85256 , 0.2885593 , -0.05957474 , 2.922599 , 0.3879502 , -0.2832197 , 2.830107 , 0.4047371 , -0.3719498 , 2.774225 , -0.08876979 , -0.2182598 , 2.865992 , -0.1419508 , -0.6579186 , 2.795463 , -0.1959973 , -1.03506 , 2.82171 , -0.2258541 , -1.120826 , 2.887177 , 0.0764193 , -0.2160898 , 2.891513 , 0.1704268 , -0.6650605 , 2.864704 , 0.2263754 , -1.04491 , 2.913199 , 0.2414411 , -1.103172 , 2.822984 , 
85 , 2936 , -0.005490144 , -0.1348681 , 2.866791 , -0.004944611 , -0.06702031 , 2.851926 , -0.001866659 , 0.2723097 , 2.795408 , -0.0003370661 , 0.4356079 , 2.71864 , -0.1808104 , 0.1805867 , 2.790844 , -0.2856116 , -0.04704837 , 2.780744 , -0.2802777 , -0.2734093 , 2.64043 , -0.2627496 , -0.3626354 , 2.585344 , 0.1813575 , 0.1895333 , 2.853066 , 0.2881505 , -0.05898504 , 2.923236 , 0.3877317 , -0.2834048 , 2.829793 , 0.4016903 , -0.3731132 , 2.77447 , -0.08877154 , -0.2177902 , 2.866227 , -0.1419796 , -0.6581277 , 2.795445 , -0.1957602 , -1.034794 , 2.821736 , -0.2261844 , -1.11979 , 2.885989 , 0.07637607 , -0.2157646 , 2.891738 , 0.1704876 , -0.6654379 , 2.865024 , 0.2262078 , -1.044562 , 2.913555 , 0.241106 , -1.102787 , 2.823331 , 
86 , 2971 , -0.005604662 , -0.1349005 , 2.866955 , -0.005135616 , -0.06701618 , 2.852249 , -0.002779378 , 0.2728465 , 2.797065 , 0.0005807605 , 0.4343757 , 2.720568 , -0.1807297 , 0.1806116 , 2.791245 , -0.2848755 , -0.04792551 , 2.780462 , -0.2757492 , -0.282537 , 2.639031 , -0.2598277 , -0.3682051 , 2.589714 , 0.1811332 , 0.1895504 , 2.853427 , 0.2880977 , -0.05893619 , 2.92373 , 0.3867024 , -0.2920017 , 2.828755 , 0.4000238 , -0.3843334 , 2.777605 , -0.08879085 , -0.2177783 , 2.86624 , -0.1419383 , -0.6586174 , 2.796184 , -0.195764 , -1.034801 , 2.821665 , -0.2260188 , -1.120432 , 2.886862 , 0.07631667 , -0.2157582 , 2.891752 , 0.1702546 , -0.6658034 , 2.865277 , 0.2258571 , -1.045408 , 2.913952 , 0.240758 , -1.103439 , 2.823654 , 
87 , 3003 , -0.005624993 , -0.1345541 , 2.867147 , -0.005066587 , -0.06660912 , 2.852501 , -0.001946976 , 0.2736219 , 2.797517 , 0.0007823784 , 0.4387161 , 2.720088 , -0.1808097 , 0.1809054 , 2.791929 , -0.2829741 , -0.05195525 , 2.781616 , -0.2758367 , -0.2818202 , 2.648938 , -0.2579013 , -0.3724755 , 2.596935 , 0.1808049 , 0.1901171 , 2.853966 , 0.2878582 , -0.05862859 , 2.923758 , 0.3844624 , -0.291062 , 2.834407 , 0.3975843 , -0.3868358 , 2.789758 , -0.08891452 , -0.2172569 , 2.866348 , -0.1417783 , -0.6585058 , 2.7965 , -0.1935835 , -1.026822 , 2.806542 , -0.2266971 , -1.117973 , 2.88476 , 0.07619826 , -0.2154019 , 2.891864 , 0.1700823 , -0.6659939 , 2.865366 , 0.2257466 , -1.045177 , 2.913998 , 0.2406284 , -1.103178 , 2.823708 , 
88 , 3036 , -0.005936986 , -0.1344237 , 2.867147 , -0.00545144 , -0.06643079 , 2.852602 , -0.002957067 , 0.2741245 , 2.798346 , 0.001456045 , 0.4383475 , 2.72225 , -0.1808187 , 0.1809167 , 2.792082 , -0.2821785 , -0.05721431 , 2.783706 , -0.2728087 , -0.3044798 , 2.674687 , -0.2615361 , -0.3885017 , 2.617208 , 0.1807559 , 0.1903113 , 2.855303 , 0.2877286 , -0.05893248 , 2.924165 , 0.3831236 , -0.2915975 , 2.837085 , 0.397078 , -0.3890299 , 2.796276 , -0.0892323 , -0.2170705 , 2.866119 , -0.1417751 , -0.6587481 , 2.796428 , -0.1936057 , -1.031062 , 2.811642 , -0.2142242 , -1.108332 , 2.866917 , 0.07596404 , -0.2153206 , 2.891788 , 0.1700133 , -0.6660655 , 2.865382 , 0.2253452 , -1.045328 , 2.913966 , 0.2405259 , -1.103196 , 2.823719 , 
89 , 3071 , -0.006181319 , -0.1342399 , 2.86722 , -0.005685464 , -0.0662534 , 2.852771 , -0.003165017 , 0.2742125 , 2.799081 , 0.001486355 , 0.4380656 , 2.722718 , -0.1811261 , 0.1809314 , 2.792269 , -0.2802611 , -0.06538645 , 2.786468 , -0.275423 , -0.3082787 , 2.677062 , -0.2639609 , -0.3949885 , 2.629877 , 0.1805767 , 0.1904118 , 2.855713 , 0.2872224 , -0.05905561 , 2.92466 , 0.3814541 , -0.2932544 , 2.845482 , 0.3963625 , -0.3895568 , 2.802252 , -0.08952832 , -0.2168976 , 2.866122 , -0.1419434 , -0.6586444 , 2.796196 , -0.1937839 , -1.031628 , 2.812429 , -0.2130076 , -1.107899 , 2.867806 , 0.07573498 , -0.2151585 , 2.891664 , 0.1700377 , -0.66612 , 2.865432 , 0.2253368 , -1.043683 , 2.912283 , 0.2405639 , -1.101456 , 2.822056 , 
90 , 3103 , -0.006497457 , -0.1341633 , 2.867296 , -0.00591415 , -0.06616876 , 2.852912 , -0.003048697 , 0.2743717 , 2.799593 , 0.001183088 , 0.437919 , 2.723047 , -0.1811936 , 0.1808481 , 2.792304 , -0.2801349 , -0.06715366 , 2.788511 , -0.2822494 , -0.3156812 , 2.687762 , -0.2758135 , -0.411445 , 2.665762 , 0.1803708 , 0.1903658 , 2.85645 , 0.2869489 , -0.05925758 , 2.925385 , 0.3807496 , -0.294024 , 2.849488 , 0.3966527 , -0.3903476 , 2.806496 , -0.08999942 , -0.2168024 , 2.865982 , -0.1422219 , -0.6586921 , 2.795986 , -0.1919725 , -1.031194 , 2.813973 , -0.2116978 , -1.107528 , 2.871606 , 0.07527409 , -0.2150686 , 2.891677 , 0.1698583 , -0.6662391 , 2.865564 , 0.2252386 , -1.043669 , 2.912353 , 0.2406406 , -1.101372 , 2.822189 , 
91 , 3136 , -0.007282156 , -0.134095 , 2.867325 , -0.006561734 , -0.06610475 , 2.853007 , -0.003215491 , 0.2743754 , 2.799719 , 0.001430165 , 0.437912 , 2.723673 , -0.1813055 , 0.1808989 , 2.792404 , -0.2801645 , -0.06847483 , 2.789155 , -0.28894 , -0.3187848 , 2.697917 , -0.2787234 , -0.4139553 , 2.673002 , 0.1802873 , 0.1903333 , 2.856819 , 0.2865545 , -0.05912106 , 2.926859 , 0.3809473 , -0.294633 , 2.855822 , 0.3988687 , -0.3923581 , 2.816797 , -0.09104232 , -0.2166612 , 2.865776 , -0.1423077 , -0.6585901 , 2.796038 , -0.1920501 , -1.031569 , 2.813896 , -0.2114827 , -1.107206 , 2.871108 , 0.07442569 , -0.2151019 , 2.891653 , 0.169791 , -0.6662784 , 2.865578 , 0.2250742 , -1.043029 , 2.912037 , 0.2405305 , -1.100701 , 2.821937 , 
92 , 3171 , -0.00752278 , -0.1338598 , 2.86726 , -0.006756139 , -0.06591491 , 2.853034 , -0.003306552 , 0.274436 , 2.800169 , 0.001107437 , 0.4379162 , 2.722952 , -0.1813393 , 0.1809276 , 2.792452 , -0.2807722 , -0.07115484 , 2.791216 , -0.3005117 , -0.332374 , 2.710062 , -0.2901398 , -0.4215394 , 2.688896 , 0.1799327 , 0.1908916 , 2.85747 , 0.2862215 , -0.05872433 , 2.9274 , 0.3802626 , -0.2943463 , 2.867701 , 0.3982701 , -0.3892866 , 2.822211 , -0.09127975 , -0.2163633 , 2.865437 , -0.1425779 , -0.6581358 , 2.795686 , -0.1926506 , -1.027485 , 2.807819 , -0.2105206 , -1.105946 , 2.86622 , 0.07402904 , -0.2147726 , 2.891499 , 0.1696584 , -0.6663137 , 2.865606 , 0.2249423 , -1.042644 , 2.9113 , 0.2405747 , -1.10024 , 2.821252 , 
93 , 3203 , -0.007510861 , -0.1321775 , 2.866636 , -0.006599916 , -0.06438915 , 2.852546 , -0.002447022 , 0.2754087 , 2.799944 , -6.037776E-05 , 0.4431261 , 2.718237 , -0.1813663 , 0.1810514 , 2.792592 , -0.2826695 , -0.07614829 , 2.796212 , -0.3063864 , -0.335076 , 2.717471 , -0.2967763 , -0.4248911 , 2.695294 , 0.1797435 , 0.1920466 , 2.858102 , 0.2850652 , -0.05778095 , 2.928901 , 0.3804517 , -0.2934041 , 2.870718 , 0.3984684 , -0.38923 , 2.82697 , -0.09104965 , -0.2142581 , 2.864834 , -0.1428089 , -0.6581836 , 2.795562 , -0.1933613 , -1.029176 , 2.809695 , -0.2109912 , -1.105976 , 2.866768 , 0.07349782 , -0.2130131 , 2.890365 , 0.1692754 , -0.6661595 , 2.865885 , 0.2257927 , -1.053961 , 2.918776 , 0.2645178 , -1.137971 , 2.979191 , 
94 , 3236 , -0.007398421 , -0.131556 , 2.866417 , -0.006543661 , -0.06388707 , 2.852414 , -0.00249852 , 0.2754862 , 2.799968 , -0.000683053 , 0.4415838 , 2.719532 , -0.1814362 , 0.1809152 , 2.79262 , -0.2836071 , -0.07780864 , 2.796629 , -0.3176953 , -0.3377098 , 2.726658 , -0.3059529 , -0.4255885 , 2.709403 , 0.1794362 , 0.1928838 , 2.858423 , 0.28491 , -0.05697688 , 2.929337 , 0.3802177 , -0.2933927 , 2.871992 , 0.3986198 , -0.3892372 , 2.828307 , -0.09071396 , -0.2135762 , 2.864626 , -0.1428332 , -0.6580425 , 2.795759 , -0.1932274 , -1.029249 , 2.810027 , -0.2166246 , -1.109785 , 2.869496 , 0.07358152 , -0.2122596 , 2.889863 , 0.1691086 , -0.6664489 , 2.865933 , 0.2266069 , -1.049001 , 2.914986 , 0.2425104 , -1.106527 , 2.825027 , 
95 , 3271 , -0.007403 , -0.1315459 , 2.866328 , -0.0065655 , -0.06383945 , 2.852329 , -0.002728067 , 0.2759303 , 2.799802 , 0.0004041399 , 0.4420342 , 2.719888 , -0.1815058 , 0.1809703 , 2.792666 , -0.284621 , -0.07886843 , 2.798772 , -0.3235682 , -0.3379975 , 2.733097 , -0.3175061 , -0.4246891 , 2.728489 , 0.1794449 , 0.1929878 , 2.858541 , 0.2847867 , -0.05697438 , 2.929718 , 0.3815081 , -0.293431 , 2.876356 , 0.3988424 , -0.3884045 , 2.830261 , -0.09069798 , -0.2135664 , 2.864526 , -0.1427958 , -0.6573015 , 2.796016 , -0.1930926 , -1.028933 , 2.810031 , -0.217948 , -1.110145 , 2.868826 , 0.07361782 , -0.2123006 , 2.889702 , 0.1690058 , -0.6667005 , 2.865978 , 0.2263824 , -1.050483 , 2.916108 , 0.274653 , -1.139977 , 2.979271 , 
96 , 3303 , -0.007327593 , -0.1313017 , 2.866134 , -0.006605254 , -0.06358792 , 2.85215 , -0.003943807 , 0.2763669 , 2.799441 , 0.0006612934 , 0.4414263 , 2.719981 , -0.1818838 , 0.1809458 , 2.792592 , -0.2855808 , -0.08004577 , 2.800474 , -0.3281141 , -0.336423 , 2.739375 , -0.3229016 , -0.4244606 , 2.732549 , 0.1792462 , 0.1932609 , 2.858335 , 0.2847801 , -0.05653575 , 2.930111 , 0.3815091 , -0.2921003 , 2.877872 , 0.3987113 , -0.3872545 , 2.83196 , -0.09043296 , -0.213364 , 2.864412 , -0.1428097 , -0.6561405 , 2.796108 , -0.1908803 , -1.032228 , 2.817225 , -0.2168439 , -1.109641 , 2.869729 , 0.07388491 , -0.2119997 , 2.889282 , 0.1688101 , -0.6666703 , 2.865847 , 0.225373 , -1.047556 , 2.913443 , 0.2412519 , -1.105036 , 2.823527 , 
Stop:, 16/09/2012 20:21:57
